COMMON_NAME,SCIENTIFIC_NAME,OBSERVATION_DATE,OBSERVATION_COUNT,APPROVED,COUNTRY,STATE,COUNTY,LATITUDE,LONGITUDE,OBS_DATE,YEAR
Virtual Species,Virtual species,2018/6/22,1,1,Canada,Saskatchewan,Maple Creek,29.10094916,-84.82532847,2018/1/1,2018
Virtual Species,Virtual species,2018/6/22,1,1,Canada,Saskatchewan,Maple Creek,29.10094916,-84.82532847,2018/1/1,2018
Virtual Species,Virtual species,2018/6/22,1,1,Canada,Saskatchewan,Maple Creek,29.15780225,-84.98230987,2018/1/2,2018
Virtual Species,Virtual species,2018/6/22,1,1,Canada,Saskatchewan,Maple Creek,29.21351872,-84.84339665,2018/1/2,2018
Virtual Species,Virtual species,2018/6/22,1,1,Canada,Saskatchewan,Moose Jaw,29.21463877,-85.13920585,2018/1/3,2018
Virtual Species,Virtual species,2018/1/1,1,1,United States,Texas,Refugio,29.32596347,-84.86146483,2018/1/3,2018
Virtual Species,Virtual species,2018/1/1,1,1,United States,Texas,Waller,29.27148335,-85.29587534,2018/1/4,2018
Virtual Species,Virtual species,2018/1/2,1,1,United States,Texas,San Patricio,29.43828313,-84.87953301,2018/1/4,2018
Virtual Species,Virtual species,2018/1/1,1,1,United States,Texas,Waller,29.32829602,-85.45211537,2018/1/5,2018
Virtual Species,Virtual species,2018/1/1,1,1,United States,Texas,Waller,29.5504774,-84.89760119,2018/1/5,2018
Virtual Species,Virtual species,2018/1/1,1,1,United States,Texas,Waller,29.38507674,-85.60766715,2018/1/6,2018
Virtual Species,Virtual species,2018/1/2,1,1,United States,Texas,Brazos,29.662546,-84.91566937,2018/1/6,2018
Virtual Species,Virtual species,2018/1/2,1,1,Mexico,Chihuahua,,29.44182546,-85.76222207,2018/1/7,2018
Virtual Species,Virtual species,2018/1/1,1,1,United States,Texas,Jim Wells,29.77448863,-84.93373756,2018/1/7,2018
Virtual Species,Virtual species,2018/1/3,1,1,United States,Texas,Hidalgo,29.49854215,-85.91542769,2018/1/8,2018
Virtual Species,Virtual species,2018/1/3,1,1,United States,Texas,Hidalgo,29.88630502,-84.95180574,2018/1/8,2018
Virtual Species,Virtual species,2018/1/3,1,1,United States,Texas,Kleberg,29.55522678,-86.06689367,2018/1/9,2018
Virtual Species,Virtual species,2018/1/3,1,1,United States,Texas,Hidalgo,29.99799487,-84.96987392,2018/1/9,2018
Virtual Species,Virtual species,2018/1/4,1,1,United States,Texas,DeWitt,29.6118793,-86.21619765,2018/1/10,2018
Virtual Species,Virtual species,2018/1/4,1,1,United States,Texas,Hidalgo,30.10955792,-84.9879421,2018/1/10,2018
Virtual Species,Virtual species,2018/1/4,1,1,United States,Texas,Hidalgo,29.66849968,-86.362891,2018/1/11,2018
Virtual Species,Virtual species,2018/1/5,1,1,United States,Texas,Hidalgo,30.22099387,-85.00601028,2018/1/11,2018
Virtual Species,Virtual species,2018/1/5,1,1,United States,Texas,Cameron,29.72508788,-86.50650454,2018/1/12,2018
Virtual Species,Virtual species,2018/1/4,1,1,United States,Texas,Colorado,30.33230245,-85.02407846,2018/1/12,2018
Virtual Species,Virtual species,2018/1/5,1,1,United States,Texas,Hidalgo,29.78164386,-86.64655414,2018/1/13,2018
Virtual Species,Virtual species,2018/1/5,1,1,United States,Texas,San Patricio,30.44348339,-85.04214665,2018/1/13,2018
Virtual Species,Virtual species,2018/1/5,1,1,United States,Texas,Cameron,29.8381676,-86.78254617,2018/1/14,2018
Virtual Species,Virtual species,2018/1/5,1,1,United States,Texas,Hidalgo,30.55453642,-85.06021483,2018/1/14,2018
Virtual Species,Virtual species,2018/1/5,1,1,United States,Texas,Cameron,29.89465904,-86.91398284,2018/1/15,2018
Virtual Species,Virtual species,2018/1/5,1,1,United States,Texas,Hidalgo,30.66546127,-85.07828301,2018/1/15,2018
Virtual Species,Virtual species,2018/1/5,1,1,United States,Texas,Hidalgo,29.95111816,-87.04036739,2018/1/16,2018
Virtual Species,Virtual species,2018/1/6,1,1,United States,Texas,Harris,30.77625767,-85.09635119,2018/1/16,2018
Virtual Species,Virtual species,2018/1/5,1,1,United States,Texas,Hidalgo,30.00754492,-87.1612091,2018/1/17,2018
Virtual Species,Virtual species,2018/1/6,1,1,United States,Texas,San Patricio,30.88692535,-85.11441937,2018/1/17,2018
Virtual Species,Virtual species,2018/1/6,1,1,United States,Texas,San Patricio,30.06393928,-87.27602811,2018/1/18,2018
Virtual Species,Virtual species,2018/1/6,1,1,United States,Texas,Cameron,30.99746406,-85.13248755,2018/1/18,2018
Virtual Species,Virtual species,2018/1/6,1,1,United States,Florida,Franklin,30.1203012,-87.38436006,2018/1/19,2018
Virtual Species,Virtual species,2018/1/6,1,1,United States,Texas,Willacy,31.10787353,-85.15055573,2018/1/19,2018
Virtual Species,Virtual species,2018/1/6,1,1,United States,Texas,Kenedy,30.17663066,-87.48576052,2018/1/20,2018
Virtual Species,Virtual species,2018/1/5,1,1,United States,Louisiana,Acadia,31.2181535,-85.16862392,2018/1/20,2018
Virtual Species,Virtual species,2018/1/5,1,1,United States,Texas,Kleberg,30.23292761,-87.57980913,2018/1/21,2018
Virtual Species,Virtual species,2018/1/3,1,1,Mexico,Chihuahua,,31.32830372,-85.1866921,2018/1/21,2018
Virtual Species,Virtual species,2018/1/3,1,1,Mexico,Chihuahua,,30.28919202,-87.66611359,2018/1/22,2018
Virtual Species,Virtual species,2018/1/7,1,1,United States,Texas,Colorado,31.43832394,-85.20476028,2018/1/22,2018
Virtual Species,Virtual species,2018/1/8,1,1,United States,Texas,Hidalgo,30.34542385,-87.74431328,2018/1/23,2018
Virtual Species,Virtual species,2018/1/8,1,1,United States,Texas,Hidalgo,31.54821391,-85.22282846,2018/1/23,2018
Virtual Species,Virtual species,2018/1/4,1,1,United States,Florida,Franklin,30.40162307,-87.81408273,2018/1/24,2018
Virtual Species,Virtual species,2018/1/9,1,1,United States,Texas,Hidalgo,31.65797336,-85.24089664,2018/1/24,2018
Virtual Species,Virtual species,2018/1/9,1,1,United States,Texas,Hidalgo,30.45778965,-87.8751347,2018/1/25,2018
Virtual Species,Virtual species,2018/1/9,1,1,United States,Texas,Hidalgo,31.76760207,-85.25896482,2018/1/25,2018
Virtual Species,Virtual species,2018/1/9,1,1,United States,Texas,Hidalgo,30.51392354,-87.927223,2018/1/26,2018
Virtual Species,Virtual species,2018/1/9,1,1,United States,Texas,Hidalgo,31.87709978,-85.27703301,2018/1/26,2018
Virtual Species,Virtual species,2018/1/9,1,1,United States,Texas,Williamson,30.57002472,-87.97014505,2018/1/27,2018
Virtual Species,Virtual species,2018/1/9,1,1,United States,Texas,Williamson,31.98646625,-85.29510119,2018/1/27,2018
Virtual Species,Virtual species,2018/1/9,1,1,United States,Texas,Williamson,30.62609315,-88.00374403,2018/1/28,2018
Virtual Species,Virtual species,2018/1/10,1,1,United States,Texas,Hidalgo,32.09570125,-85.31316937,2018/1/28,2018
Virtual Species,Virtual species,2018/1/10,1,1,United States,Texas,Hidalgo,30.68212879,-88.02791082,2018/1/29,2018
Virtual Species,Virtual species,2018/1/11,1,1,United States,Texas,Travis,32.20480452,-85.33123755,2018/1/29,2018
Virtual Species,Virtual species,2018/1/11,1,1,Mexico,Durango,,30.73813161,-88.04258554,2018/1/30,2018
Virtual Species,Virtual species,2018/1/12,1,1,United States,Texas,Nacogdoches,32.31377585,-85.34930573,2018/1/30,2018
Virtual Species,Virtual species,2018/1/11,1,1,United States,Texas,Hidalgo,30.79410157,-88.04775875,2018/1/31,2018
Virtual Species,Virtual species,2018/1/11,1,1,United States,Texas,Hidalgo,32.42261499,-85.36737391,2018/1/31,2018
Virtual Species,Virtual species,2018/1/11,1,1,United States,Texas,Hidalgo,30.85003865,-88.04347237,2018/2/1,2018
Virtual Species,Virtual species,2018/1/12,1,1,United States,Louisiana,Caddo,32.53132171,-85.3854421,2018/2/1,2018
Virtual Species,Virtual species,2018/1/12,1,1,United States,Texas,Waller,30.90594281,-88.02982025,2018/2/2,2018
Virtual Species,Virtual species,2018/1/12,1,1,United States,Texas,Nacogdoches,32.63989579,-85.40351028,2018/2/2,2018
Virtual Species,Virtual species,2018/1/12,1,1,United States,Texas,Nacogdoches,30.96181401,-88.00694834,2018/2/3,2018
Virtual Species,Virtual species,2018/1/13,1,1,United States,Texas,Rains,32.74833699,-85.42157846,2018/2/3,2018
Virtual Species,Virtual species,2018/1/13,1,1,United States,Texas,Hidalgo,31.01765222,-87.97505465,2018/2/4,2018
Virtual Species,Virtual species,2018/1/13,1,1,United States,Texas,Nacogdoches,32.8566451,-85.43964664,2018/2/4,2018
Virtual Species,Virtual species,2018/1/13,1,1,United States,Texas,Nacogdoches,31.0734574,-87.93438872,2018/2/5,2018
Virtual Species,Virtual species,2018/1/13,1,1,United States,Texas,Nacogdoches,32.96481989,-85.45771482,2018/2/5,2018
Virtual Species,Virtual species,2018/1/13,1,1,United States,Texas,Aransas,31.12922953,-87.88525096,2018/2/6,2018
Virtual Species,Virtual species,2018/1/13,1,1,Mexico,Durango,,33.07286114,-85.475783,2018/2/6,2018
Virtual Species,Virtual species,2018/1/13,1,1,United States,Texas,Aransas,31.18496858,-87.82799145,2018/2/7,2018
Virtual Species,Virtual species,2018/1/13,1,1,United States,Texas,San Patricio,33.18076863,-85.49385119,2018/2/7,2018
Virtual Species,Virtual species,2018/1/14,1,1,United States,Florida,Franklin,31.24067449,-87.76300866,2018/2/8,2018
Virtual Species,Virtual species,2018/1/14,1,1,United States,Florida,Franklin,33.28854216,-85.51191937,2018/2/8,2018
Virtual Species,Virtual species,2018/1/14,1,1,United States,Florida,Franklin,31.29634726,-87.69074766,2018/2/9,2018
Virtual Species,Virtual species,2018/1/14,1,1,United States,Texas,Nacogdoches,33.39618149,-85.52998755,2018/2/9,2018
Virtual Species,Virtual species,2018/1/14,1,1,United States,Texas,Freestone,31.35198683,-87.61169822,2018/2/10,2018
Virtual Species,Virtual species,2018/1/14,1,1,United States,Texas,Nacogdoches,33.50368643,-85.54805573,2018/2/10,2018
Virtual Species,Virtual species,2018/1/14,1,1,United States,Texas,Nacogdoches,31.40759319,-87.52639246,2018/2/11,2018
Virtual Species,Virtual species,2018/1/13,1,1,United States,Texas,Nacogdoches,33.61105676,-85.56612391,2018/2/11,2018
Virtual Species,Virtual species,2018/1/4,1,1,United States,Texas,Hidalgo,31.46316629,-87.43540245,2018/2/12,2018
Virtual Species,Virtual species,2018/1/14,1,1,United States,Texas,Nacogdoches,33.71829228,-85.58419209,2018/2/12,2018
Virtual Species,Virtual species,2018/1/12,1,1,United States,Texas,Brazoria,31.5187061,-87.33933733,2018/2/13,2018
Virtual Species,Virtual species,2018/1/13,1,1,United States,Texas,Nacogdoches,33.82539278,-85.60226028,2018/2/13,2018
Virtual Species,Virtual species,2018/1/12,1,1,United States,Texas,Nacogdoches,31.5742126,-87.23884038,2018/2/14,2018
Virtual Species,Virtual species,2018/1/14,1,1,United States,Texas,Nacogdoches,33.93235806,-85.62032846,2018/2/14,2018
Virtual Species,Virtual species,2018/1/12,1,1,United States,Texas,Nacogdoches,31.62968575,-87.13458584,2018/2/15,2018
Virtual Species,Virtual species,2018/1/12,1,1,United States,Texas,Nacogdoches,34.03918791,-85.63839664,2018/2/15,2018
Virtual Species,Virtual species,2018/1/16,1,1,United States,Florida,Franklin,31.68512551,-87.02727542,2018/2/16,2018
Virtual Species,Virtual species,2018/1/17,1,1,United States,Texas,Fisher,34.14588215,-85.65646482,2018/2/16,2018
Virtual Species,Virtual species,2018/1/17,1,1,United States,Texas,Refugio,31.74053186,-86.91763485,2018/2/17,2018
Virtual Species,Virtual species,2018/1/17,1,1,United States,Texas,Hidalgo,34.25244057,-85.674533,2018/2/17,2018
Virtual Species,Virtual species,2018/1/17,1,1,United States,Texas,DeWitt,31.79590477,-86.80641007,2018/2/18,2018
Virtual Species,Virtual species,2018/1/16,1,1,Mexico,Durango,,34.35886299,-85.69260118,2018/2/18,2018
Virtual Species,Virtual species,2018/1/19,1,1,United States,Texas,Hidalgo,31.8512442,-86.69436343,2018/2/19,2018
Virtual Species,Virtual species,2018/1/19,1,1,United States,Texas,Hidalgo,34.4651492,-85.71066936,2018/2/19,2018
Virtual Species,Virtual species,2018/1/19,1,1,United States,Texas,Refugio,31.90655013,-86.58226973,2018/2/20,2018
Virtual Species,Virtual species,2018/1/19,1,1,United States,Texas,Hidalgo,34.57129902,-85.72873755,2018/2/20,2018
Virtual Species,Virtual species,2018/1/19,1,1,United States,Texas,Kleberg,31.96182251,-86.47091219,2018/2/21,2018
Virtual Species,Virtual species,2018/1/20,1,1,United States,Texas,Starr,34.67731227,-85.74680573,2018/2/21,2018
Virtual Species,Virtual species,2018/1/20,1,1,United States,Texas,Hidalgo,32.01706133,-86.36107831,2018/2/22,2018
Virtual Species,Virtual species,2018/1/20,1,1,United States,Texas,Hidalgo,34.78318875,-85.76487391,2018/2/22,2018
Virtual Species,Virtual species,2018/1/20,1,1,United States,New Mexico,Dona Ana,32.07226654,-86.25355581,2018/2/23,2018
Virtual Species,Virtual species,2018/1/20,1,1,United States,Texas,Starr,34.88892828,-85.78294209,2018/2/23,2018
Virtual Species,Virtual species,2018/1/20,1,1,United States,Texas,Refugio,32.12743812,-86.14912841,2018/2/24,2018
Virtual Species,Virtual species,2018/1/20,1,1,United States,New Mexico,Dona Ana,34.99453068,-85.80101027,2018/2/24,2018
Virtual Species,Virtual species,2018/1/20,1,1,United States,Texas,Starr,32.18257605,-86.04857176,2018/2/25,2018
Virtual Species,Virtual species,2018/1/21,1,1,United States,Texas,Refugio,35.09999578,-85.81907845,2018/2/25,2018
Virtual Species,Virtual species,2018/1/21,1,1,United States,Texas,Brazoria,32.23768027,-85.95264928,2018/2/26,2018
Virtual Species,Virtual species,2018/1/21,1,1,United States,Texas,Refugio,35.2053234,-85.83714664,2018/2/26,2018
Virtual Species,Virtual species,2018/1/21,1,1,United States,Texas,Refugio,32.29275078,-85.86210815,2018/2/27,2018
Virtual Species,Virtual species,2018/1/21,1,1,United States,Texas,Refugio,35.31051336,-85.85521482,2018/2/27,2018
Virtual Species,Virtual species,2018/1/22,1,1,United States,Texas,Cameron,32.34778754,-85.77767538,2018/2/28,2018
Virtual Species,Virtual species,2018/1/7,1,1,Mexico,Coahuila,,35.41556548,-85.873283,2018/2/28,2018
Virtual Species,Virtual species,2018/1/23,1,1,United States,Texas,Hidalgo,32.40279051,-85.70005386,2018/3/1,2018
Virtual Species,Virtual species,2018/1/23,1,1,United States,Texas,Kenedy,35.52047961,-85.89135118,2018/3/1,2018
Virtual Species,Virtual species,2018/1/23,1,1,United States,Texas,Kenedy,32.45775967,-85.62991873,2018/3/2,2018
Virtual Species,Virtual species,2018/1/20,1,1,United States,Texas,Hidalgo,35.62525556,-85.90941936,2018/3/2,2018
Virtual Species,Virtual species,2018/1/21,1,1,United States,Texas,Refugio,32.51269498,-85.56791373,2018/3/3,2018
Virtual Species,Virtual species,2018/1/12,1,1,United States,Texas,Nacogdoches,35.72989318,-85.92748754,2018/3/3,2018
Virtual Species,Virtual species,2018/1/21,1,1,United States,Texas,Starr,32.56759643,-85.51464782,2018/3/4,2018
Virtual Species,Virtual species,2018/1/24,1,1,United States,Texas,Bell,35.8343923,-85.94555573,2018/3/4,2018
Virtual Species,Virtual species,2018/1/24,1,1,United States,Texas,Bell,32.62246397,-85.47069194,2018/3/5,2018
Virtual Species,Virtual species,2018/1/24,1,1,United States,Texas,Hidalgo,35.93875276,-85.96362391,2018/3/5,2018
Virtual Species,Virtual species,2018/1/24,1,1,United States,Texas,Bexar,32.67729759,-85.43657599,2018/3/6,2018
Virtual Species,Virtual species,2018/1/24,1,1,United States,Texas,DeWitt,36.04297439,-85.98169209,2018/3/6,2018
Virtual Species,Virtual species,2018/1/24,1,1,United States,Texas,Hidalgo,32.73209724,-85.412786,2018/3/7,2018
Virtual Species,Virtual species,2018/1/24,1,1,United States,Texas,Hidalgo,36.14705705,-85.99976027,2018/3/7,2018
Virtual Species,Virtual species,2018/1/23,1,1,United States,Florida,Franklin,32.78686291,-85.39976165,2018/3/8,2018
Virtual Species,Virtual species,2018/1/24,1,1,United States,Texas,Hidalgo,36.25100057,-86.01782845,2018/3/8,2018
Virtual Species,Virtual species,2018/1/23,1,1,United States,Texas,Hidalgo,32.84159456,-85.39789389,2018/3/9,2018
Virtual Species,Virtual species,2018/1/23,1,1,United States,Texas,Hidalgo,36.35480479,-86.03589663,2018/3/9,2018
Virtual Species,Virtual species,2018/1/25,1,1,United States,Texas,Calhoun,32.89629216,-85.40752292,2018/3/10,2018
Virtual Species,Virtual species,2018/1/19,1,1,United States,Texas,Hidalgo,36.45846958,-86.05396482,2018/3/10,2018
Virtual Species,Virtual species,2018/1/26,1,1,United States,Texas,Hidalgo,32.95095569,-85.42893647,2018/3/11,2018
Virtual Species,Virtual species,2018/1/26,1,1,United States,Texas,Hidalgo,36.56199478,-86.072033,2018/3/11,2018
Virtual Species,Virtual species,2018/1/26,1,1,United States,Texas,Kleberg,33.47951695,-85.46236828,2018/3/12,2018
Virtual Species,Virtual species,2018/1/27,1,1,United States,Texas,Cameron,36.66538023,-86.09010118,2018/3/12,2018
Virtual Species,Virtual species,2018/1/27,1,1,United States,Texas,Hidalgo,33.99320573,-85.50799698,2018/3/13,2018
Virtual Species,Virtual species,2018/1/19,1,1,United States,Texas,Hidalgo,36.7686258,-86.10816936,2018/3/13,2018
Virtual Species,Virtual species,2018/1/28,1,1,United States,Louisiana,Caddo,32.52145482,-85.56594518,2018/3/14,2018
Virtual Species,Virtual species,2018/1/26,1,1,Mexico,Durango,,36.87173135,-86.12623754,2018/3/14,2018
Virtual Species,Virtual species,2018/1/27,1,1,United States,Texas,Hidalgo,31.73073082,-85.63627895,2018/3/15,2018
Virtual Species,Virtual species,2018/1/27,1,1,United States,Texas,Cameron,36.97469672,-86.14430572,2018/3/15,2018
Virtual Species,Virtual species,2018/1/29,1,1,United States,Texas,Hidalgo,31.16350522,-85.71900755,2018/3/16,2018
Virtual Species,Virtual species,2018/1/29,1,1,United States,Texas,Hidalgo,37.07752178,-86.16237391,2018/3/16,2018
Virtual Species,Virtual species,2018/1/29,1,1,United States,Texas,DeWitt,30.90209984,-85.81408355,2018/3/17,2018
Virtual Species,Virtual species,2018/1/29,1,1,United States,Texas,Hidalgo,37.1802064,-86.18044209,2018/3/17,2018
Virtual Species,Virtual species,2018/1/29,1,1,United States,Texas,Hidalgo,30.71714352,-85.92140317,2018/3/18,2018
Virtual Species,Virtual species,2018/1/29,1,1,United States,Texas,Hidalgo,37.28275043,-86.19851027,2018/3/18,2018
Virtual Species,Virtual species,2018/1/29,1,1,United States,Texas,Colorado,30.45420032,-86.04080702,2018/3/19,2018
Virtual Species,Virtual species,2018/1/30,1,1,United States,Texas,Kleberg,37.38515375,-86.21657845,2018/3/19,2018
Virtual Species,Virtual species,2018/1/29,1,1,United States,Texas,Hidalgo,30.11330528,-86.17208108,2018/3/20,2018
Virtual Species,Virtual species,2018/1/29,1,1,United States,Texas,Hidalgo,37.48741622,-86.23464663,2018/3/20,2018
Virtual Species,Virtual species,2018/1/29,1,1,United States,Texas,Hidalgo,30.00758146,-86.31495807,2018/3/21,2018
Virtual Species,Virtual species,2018/1/31,1,1,United States,Texas,Hidalgo,37.58953771,-86.25271481,2018/3/21,2018
Virtual Species,Virtual species,2018/1/23,1,1,United States,Texas,Hidalgo,29.90399037,-86.46911899,2018/3/22,2018
Virtual Species,Virtual species,2018/1/29,1,1,United States,Texas,Hidalgo,37.6915181,-86.27078299,2018/3/22,2018
Virtual Species,Virtual species,2018/1/31,1,1,United States,Texas,Calhoun,29.8032746,-86.63419511,2018/3/23,2018
Virtual Species,Virtual species,2018/1/29,1,1,United States,Texas,Hidalgo,37.79335726,-86.28885118,2018/3/23,2018
Virtual Species,Virtual species,2018/2/3,1,1,Mexico,Durango,,29.70619579,-86.80977008,2018/3/24,2018
Virtual Species,Virtual species,2018/2/3,1,1,United States,Texas,Willacy,37.89505506,-86.30691936,2018/3/24,2018
Virtual Species,Virtual species,2018/2/4,1,1,United States,Texas,Aransas,29.61353153,-86.99538241,2018/3/25,2018
Virtual Species,Virtual species,2018/2/4,1,1,United States,Texas,Galveston,37.99661139,-86.32498754,2018/3/25,2018
Virtual Species,Virtual species,2018/2/4,1,1,United States,Texas,Hidalgo,29.52607203,-87.19052816,2018/3/26,2018
Virtual Species,Virtual species,2018/2/4,1,1,United States,Texas,Fisher,38.09802613,-86.34305572,2018/3/26,2018
Virtual Species,Virtual species,2018/1/17,1,1,United States,Texas,Hidalgo,29.44461662,-87.39466388,2018/3/27,2018
Virtual Species,Virtual species,2018/2/5,1,1,United States,Arizona,Santa Cruz,38.19929915,-86.3611239,2018/3/27,2018
Virtual Species,Virtual species,2018/2/4,1,1,United States,Texas,Galveston,29.36997008,-87.60720977,2018/3/28,2018
Virtual Species,Virtual species,2018/2/2,1,1,United States,Texas,Matagorda,38.30043035,-86.37919208,2018/3/28,2018
Virtual Species,Virtual species,2018/2/6,1,1,United States,Texas,Hidalgo,29.3029388,-87.82755302,2018/3/29,2018
Virtual Species,Virtual species,2018/2/6,1,1,United States,Florida,Franklin,38.4014196,-86.39726027,2018/3/29,2018
Virtual Species,Virtual species,2018/2/6,1,1,United States,Texas,Hidalgo,29.24432672,-88.05505136,2018/3/30,2018
Virtual Species,Virtual species,2018/2/7,1,1,United States,Texas,Guadalupe,38.5022668,-86.41532845,2018/3/30,2018
Virtual Species,Virtual species,2018/2/5,1,1,United States,Arizona,Santa Cruz,29.19493129,-88.28903678,2018/3/31,2018
Virtual Species,Virtual species,2018/2/4,1,1,United States,Louisiana,Caddo,38.60297183,-86.43339663,2018/3/31,2018
Virtual Species,Virtual species,2018/2/8,1,1,United States,Texas,Hidalgo,29.78439853,-88.52881937,2018/4/1,2018
Virtual Species,Virtual species,2018/2/8,1,1,United States,Texas,DeWitt,38.70353459,-86.45146481,2018/4/1,2018
Virtual Species,Virtual species,2018/2/9,1,1,Mexico,Ciudad de M茅xico,,30.14709954,-88.77369127,2018/4/2,2018
Virtual Species,Virtual species,2018/1/19,1,1,United States,Texas,Hidalgo,38.80395498,-86.46953299,2018/4/2,2018
Virtual Species,Virtual species,2018/2/9,1,1,United States,Texas,Hidalgo,29.58205983,-89.02293077,2018/4/3,2018
Virtual Species,Virtual species,2018/2/9,1,1,United States,Texas,Rains,38.90423288,-86.48760117,2018/4/3,2018
Virtual Species,Virtual species,2018/1/14,1,1,United States,Texas,Nacogdoches,29.42007678,-89.27580642,2018/4/4,2018
Virtual Species,Virtual species,2018/2/10,1,1,United States,Texas,Colorado,39.0043682,-86.50566936,2018/4/4,2018
Virtual Species,Virtual species,2018/2/10,1,1,United States,Texas,Calhoun,29.11311864,-89.53158125,2018/4/5,2018
Virtual Species,Virtual species,2018/2/10,1,1,United States,Texas,Colorado,39.10436084,-86.52373754,2018/4/5,2018
Virtual Species,Virtual species,2018/2/11,1,1,United States,Texas,Hidalgo,29.13486339,-89.78951697,2018/4/6,2018
Virtual Species,Virtual species,2018/2/11,1,1,United States,Texas,Hidalgo,39.20421069,-86.54180572,2018/4/6,2018
Virtual Species,Virtual species,2018/2/11,1,1,United States,Texas,Colorado,29.17086261,-90.04887821,2018/4/7,2018
Virtual Species,Virtual species,2018/2/12,1,1,United States,Texas,Karnes,39.30391767,-86.5598739,2018/4/7,2018
Virtual Species,Virtual species,2018/2/12,1,1,United States,Texas,Williamson,29.22170631,-90.3089367,2018/4/8,2018
Virtual Species,Virtual species,2018/2/12,1,1,United States,Texas,Hidalgo,39.40348167,-86.57794208,2018/4/8,2018
Virtual Species,Virtual species,2018/2/14,1,1,United States,Texas,Willacy,29.28793952,-90.56897547,2018/4/9,2018
Virtual Species,Virtual species,2018/2/14,1,1,United States,Texas,Hidalgo,39.5029026,-86.59601026,2018/4/9,2018
Virtual Species,Virtual species,2018/2/11,1,1,United States,Texas,Clay,29.37005836,-90.82829287,2018/4/10,2018
Virtual Species,Virtual species,2018/2/11,1,1,United States,Texas,Clay,39.60218038,-86.61407845,2018/4/10,2018
Virtual Species,Virtual species,2018/2/15,1,1,United States,Texas,Hidalgo,29.46850642,-91.08620661,2018/4/11,2018
Virtual Species,Virtual species,2018/2/15,1,1,United States,Texas,Brazoria,39.70131491,-86.63214663,2018/4/11,2018
Virtual Species,Virtual species,2018/2/15,1,1,United States,Texas,Hidalgo,29.58367119,-91.34205763,2018/4/12,2018
Virtual Species,Virtual species,2018/2/15,1,1,United States,Texas,Hidalgo,39.8003061,-86.63404513,2018/4/12,2018
Virtual Species,Virtual species,2018/2/15,1,1,United States,Texas,Hidalgo,29.71588094,-91.59521383,2018/4/13,2018
Virtual Species,Virtual species,2018/2/15,1,1,United States,Texas,Hidalgo,39.89915388,-86.63594364,2018/4/13,2018
Virtual Species,Virtual species,2018/1/13,1,1,United States,Texas,Nacogdoches,29.86540171,-91.84507362,2018/4/14,2018
Virtual Species,Virtual species,2018/2/16,1,1,United States,Texas,Hidalgo,39.99785816,-86.63784215,2018/4/14,2018
Virtual Species,Virtual species,2018/2/17,1,1,United States,Texas,Matagorda,30.03243474,-92.09106935,2018/4/15,2018
Virtual Species,Virtual species,2018/2/17,1,1,United States,Texas,Matagorda,40.09641885,-86.63974065,2018/4/15,2018
Virtual Species,Virtual species,2018/2/17,1,1,United States,Texas,Hidalgo,30.21711415,-92.33267048,2018/4/16,2018
Virtual Species,Virtual species,2018/2/16,1,1,United States,Texas,Colorado,40.19483587,-86.64163916,2018/4/16,2018
Virtual Species,Virtual species,2018/2/17,1,1,United States,Texas,Matagorda,30.41950505,-92.56938652,2018/4/17,2018
Virtual Species,Virtual species,2018/2/17,1,1,United States,Texas,Hidalgo,40.29310916,-86.64353767,2018/4/17,2018
Virtual Species,Virtual species,2018/2/17,1,1,United States,Texas,Hidalgo,30.63960199,-92.80076978,2018/4/18,2018
Virtual Species,Virtual species,2018/2/17,1,1,United States,Texas,Hidalgo,40.39123863,-86.64543617,2018/4/18,2018
Virtual Species,Virtual species,2018/2/17,1,1,Mexico,Durango,,30.87732787,-93.02641785,2018/4/19,2018
Virtual Species,Virtual species,2018/2/17,1,1,United States,Texas,Hidalgo,40.4892242,-86.64733468,2018/4/19,2018
Virtual Species,Virtual species,2018/2/17,1,1,United States,Texas,Hidalgo,31.13253322,-93.24597575,2018/4/20,2018
Virtual Species,Virtual species,2018/2/17,1,1,United States,Texas,Hidalgo,40.58706581,-86.64923319,2018/4/20,2018
Virtual Species,Virtual species,2018/2/18,1,1,United States,Texas,Harris,31.40499598,-93.45913787,2018/4/21,2018
Virtual Species,Virtual species,2018/2/17,1,1,United States,Texas,Hidalgo,40.68476339,-86.65113169,2018/4/21,2018
Virtual Species,Virtual species,2018/2/18,1,1,United States,Texas,Kenedy,31.69442173,-93.66564955,2018/4/22,2018
Virtual Species,Virtual species,2018/2/17,1,1,United States,Texas,Kenedy,40.78231686,-86.6530302,2018/4/22,2018
Virtual Species,Virtual species,2018/2/17,1,1,United States,Texas,Travis,32.00044433,-93.86530842,2018/4/23,2018
Virtual Species,Virtual species,2018/2/19,1,1,United States,Texas,Hidalgo,40.87972616,-86.65492871,2018/4/23,2018
Virtual Species,Virtual species,2018/2/19,1,1,United States,Florida,Franklin,32.32262713,-94.05796534,2018/4/24,2018
Virtual Species,Virtual species,2018/1/29,1,1,United States,Texas,Hidalgo,40.97699122,-86.65682721,2018/4/24,2018
Virtual Species,Virtual species,2018/2/19,1,1,United States,Texas,Hidalgo,33.64278207,-94.24352508,2018/4/25,2018
Virtual Species,Virtual species,2018/2/19,1,1,United States,Florida,Franklin,41.07411198,-86.65872572,2018/4/25,2018
Virtual Species,Virtual species,2018/2/20,1,1,United States,Texas,Cameron,33.99171652,-94.42194662,2018/4/26,2018
Virtual Species,Virtual species,2018/2/20,1,1,United States,Texas,Hidalgo,41.17108838,-86.66062422,2018/4/26,2018
Virtual Species,Virtual species,2018/2/20,1,1,United States,Texas,Kenedy,34.35489483,-94.59324318,2018/4/27,2018
Virtual Species,Virtual species,2018/2/20,1,1,United States,Texas,Hidalgo,41.26792036,-86.66252273,2018/4/27,2018
Virtual Species,Virtual species,2018/2/17,1,1,United States,Texas,Hidalgo,34.80575143,-94.75748183,2018/4/28,2018
Virtual Species,Virtual species,2018/2/19,1,1,United States,Texas,Hidalgo,41.36460785,-86.66442124,2018/4/28,2018
Virtual Species,Virtual species,2018/2/21,1,1,United States,Texas,Brazoria,34.97339846,-94.91478283,2018/4/29,2018
Virtual Species,Virtual species,2018/2/20,1,1,United States,Texas,Hidalgo,41.46115081,-86.66631974,2018/4/29,2018
Virtual Species,Virtual species,2018/2/12,1,1,United States,Texas,Hidalgo,34.56225535,-95.06531863,2018/4/30,2018
Virtual Species,Virtual species,2018/2/22,1,1,United States,Texas,Matagorda,41.55754918,-86.66821825,2018/4/30,2018
Virtual Species,Virtual species,2018/2/11,1,1,United States,Texas,Hidalgo,34.9798657,-95.2093125,2018/5/1,2018
Virtual Species,Virtual species,2018/2/22,1,1,United States,Texas,Hidalgo,41.6538029,-86.67011676,2018/5/1,2018
Virtual Species,Virtual species,2018/2/22,1,1,United States,Texas,Matagorda,35.40789409,-95.34703686,2018/5/2,2018
Virtual Species,Virtual species,2018/2/18,1,1,United States,Texas,Kenedy,41.74991192,-86.67201526,2018/5/2,2018
Virtual Species,Virtual species,2018/2/23,1,1,United States,Texas,Hidalgo,35.84539528,-95.47881132,2018/5/3,2018
Virtual Species,Virtual species,2018/2/23,1,1,United States,Texas,Hidalgo,41.8458762,-86.67391377,2018/5/3,2018
Virtual Species,Virtual species,2018/2/23,1,1,United States,Texas,Hidalgo,35.34023464,-95.6050004,2018/5/4,2018
Virtual Species,Virtual species,2018/2/23,1,1,United States,Texas,Nueces,41.94169568,-86.67581228,2018/5/4,2018
Virtual Species,Virtual species,2018/2/23,1,1,United States,Texas,DeWitt,34.7680555,-95.72601089,2018/5/5,2018
Virtual Species,Virtual species,2018/2/4,1,1,United States,Texas,Galveston,42.03737032,-86.67771078,2018/5/5,2018
Virtual Species,Virtual species,2018/2/24,1,1,United States,Texas,Hidalgo,34.12665972,-95.84228906,2018/5/6,2018
Virtual Species,Virtual species,2018/2/15,1,1,United States,Texas,Hidalgo,42.13290007,-86.67960929,2018/5/6,2018
Virtual Species,Virtual species,2018/2/24,1,1,United States,Texas,Waller,34.01422803,-95.95431747,2018/5/7,2018
Virtual Species,Virtual species,2018/2/25,1,1,United States,Louisiana,Acadia,42.2282849,-86.6815078,2018/5/7,2018
Virtual Species,Virtual species,2018/2/24,1,1,United States,Texas,Waller,34.58069133,-96.06261161,2018/5/8,2018
Virtual Species,Virtual species,2018/2/26,1,1,United States,Texas,Hidalgo,42.32352476,-86.6834063,2018/5/8,2018
Virtual Species,Virtual species,2018/2/26,1,1,United States,Texas,Hidalgo,35.07604,-96.16771629,2018/5/9,2018
Virtual Species,Virtual species,2018/2/18,1,1,United States,Texas,Kenedy,42.41861961,-86.68530481,2018/5/9,2018
Virtual Species,Virtual species,2018/2/26,1,1,United States,Texas,Hidalgo,35.50049474,-96.2702018,2018/5/10,2018
Virtual Species,Virtual species,2018/2/26,1,1,United States,Texas,Hidalgo,42.51356941,-86.68720332,2018/5/10,2018
Virtual Species,Virtual species,2018/2/27,1,1,United States,Texas,Nueces,35.70771812,-96.37065991,2018/5/11,2018
Virtual Species,Virtual species,2018/2/27,1,1,United States,Texas,Hidalgo,42.60837412,-86.68910182,2018/5/11,2018
Virtual Species,Virtual species,2018/2/27,1,1,United States,Texas,Hidalgo,36.50028821,-96.46969964,2018/5/12,2018
Virtual Species,Virtual species,2018/2/18,1,1,United States,Texas,Hidalgo,42.70303372,-86.69100033,2018/5/12,2018
Virtual Species,Virtual species,2018/2/27,1,1,United States,Texas,Bell,37.21535999,-96.56794298,2018/5/13,2018
Virtual Species,Virtual species,2018/2/27,1,1,United States,Texas,Kleberg,42.79754817,-86.69289884,2018/5/13,2018
Virtual Species,Virtual species,2018/2/27,1,1,United States,Texas,Bell,38.01872018,-96.66602038,2018/5/14,2018
Virtual Species,Virtual species,2018/2/28,1,1,United States,Texas,Kleberg,42.89191744,-86.69479734,2018/5/14,2018
Virtual Species,Virtual species,2018/2/28,1,1,United States,Texas,Kleberg,38.62819909,-96.76456617,2018/5/15,2018
Virtual Species,Virtual species,2018/2/27,1,1,United States,Texas,Cameron,42.98614149,-86.69669585,2018/5/15,2018
Virtual Species,Virtual species,2018/2/28,1,1,United States,Texas,Kleberg,39.0441606,-96.86421401,2018/5/16,2018
Virtual Species,Virtual species,2018/2/28,1,1,United States,Texas,Hidalgo,43.08022031,-86.62963539,2018/5/16,2018
Virtual Species,Virtual species,2018/2/28,1,1,United States,Texas,Kleberg,39.80330395,-96.96559209,2018/5/17,2018
Virtual Species,Virtual species,2018/2/10,1,1,United States,Texas,Kinney,43.17415385,-86.56624751,2018/5/17,2018
Virtual Species,Virtual species,2018/2/28,1,1,United States,Texas,Kleberg,40.68835874,-97.06931854,2018/5/18,2018
Virtual Species,Virtual species,2018/3/1,1,1,United States,Texas,Hidalgo,43.26794211,-86.50285963,2018/5/18,2018
Virtual Species,Virtual species,2018/2/10,1,1,United States,Texas,Kinney,41.15205537,-97.17599661,2018/5/19,2018
Virtual Species,Virtual species,2018/3/1,1,1,United States,Texas,Rains,43.36158505,-86.43947174,2018/5/19,2018
Virtual Species,Virtual species,2018/3/2,1,1,United States,Texas,Hidalgo,41.80991637,-97.28621012,2018/5/20,2018
Virtual Species,Virtual species,2018/3/3,1,1,United States,Texas,Hidalgo,43.45508266,-86.37608386,2018/5/20,2018
Virtual Species,Virtual species,2018/3/5,1,1,United States,Texas,Hidalgo,42.65493084,-97.40051875,2018/5/21,2018
Virtual Species,Virtual species,2018/2/19,1,1,United States,Texas,Hidalgo,43.54843491,-86.31269598,2018/5/21,2018
Virtual Species,Virtual species,2018/3/5,1,1,United States,Texas,Hidalgo,43.35142745,-97.51945357,2018/5/22,2018
Virtual Species,Virtual species,2018/3/5,1,1,United States,Florida,Franklin,43.64164178,-86.24930809,2018/5/22,2018
Virtual Species,Virtual species,2018/3/6,1,1,United States,Texas,Kleberg,44.09780474,-97.64351263,2018/5/23,2018
Virtual Species,Virtual species,2018/3/6,1,1,United States,Texas,Kleberg,43.73470327,-86.18592021,2018/5/23,2018
Virtual Species,Virtual species,2018/3/6,1,1,United States,Texas,Kleberg,44.63505969,-97.77315664,2018/5/24,2018
Virtual Species,Virtual species,2018/3/8,1,1,United States,Texas,Waller,43.82761934,-86.12253233,2018/5/24,2018
Virtual Species,Virtual species,2018/3/8,1,1,United States,Texas,Rains,45.34931899,-97.90880492,2018/5/25,2018
Virtual Species,Virtual species,2018/3/8,1,1,United States,Louisiana,Caddo,43.92039,-86.05914444,2018/5/25,2018
Virtual Species,Virtual species,2018/3/9,1,1,United States,Texas,Hidalgo,46.17060187,-98.05083143,2018/5/26,2018
Virtual Species,Virtual species,2018/3/9,1,1,United States,Texas,Hidalgo,44.01301522,-85.99575656,2018/5/26,2018
Virtual Species,Virtual species,2018/3/9,1,1,United States,Texas,Tarrant,46.53802805,-98.1995611,2018/5/27,2018
Virtual Species,Virtual species,2018/3/9,1,1,United States,Texas,Kleberg,44.105495,-85.93236868,2018/5/27,2018
Virtual Species,Virtual species,2018/3/9,1,1,United States,Texas,Tarrant,47.50504773,-98.35526631,2018/5/28,2018
Virtual Species,Virtual species,2018/3/9,1,1,United States,Texas,Kleberg,44.19782933,-85.86898079,2018/5/28,2018
Virtual Species,Virtual species,2018/2/26,1,1,United States,Texas,Hidalgo,47.84279703,-98.51816372,2018/5/29,2018
Virtual Species,Virtual species,2018/3/10,1,1,United States,Texas,Cameron,44.29001819,-85.80559291,2018/5/29,2018
Virtual Species,Virtual species,2018/3/11,1,1,United States,Texas,Matagorda,47.86591809,-98.6884113,2018/5/30,2018
Virtual Species,Virtual species,2018/3/11,1,1,United States,Texas,Cameron,44.38206159,-85.76024949,2018/5/30,2018
Virtual Species,Virtual species,2018/3/6,1,1,United States,Texas,Kleberg,48.11854659,-98.86610572,2018/5/31,2018
Virtual Species,Virtual species,2018/3/12,1,1,United States,Texas,Williamson,44.47395952,-85.6529102,2018/5/31,2018
Virtual Species,Virtual species,2018/3/12,1,1,United States,Texas,Galveston,48.47752011,-99.05127999,2018/6/1,2018
Virtual Species,Virtual species,2018/3/12,1,1,United States,Texas,Williamson,44.56571197,-85.5455709,2018/6/1,2018
Virtual Species,Virtual species,2018/3/12,1,1,United States,Texas,Williamson,48.64337447,-99.24390148,2018/6/2,2018
Virtual Species,Virtual species,2018/3/9,1,1,United States,Texas,Kleberg,44.65731895,-85.4382316,2018/6/2,2018
Virtual Species,Virtual species,2018/3/13,1,1,United States,Texas,Hidalgo,48.73661695,-99.44387028,2018/6/3,2018
Virtual Species,Virtual species,2018/3/13,1,1,United States,Texas,Kenedy,44.74878045,-85.33089231,2018/6/3,2018
Virtual Species,Virtual species,2018/3/13,1,1,United States,Texas,Kenedy,48.99434889,-99.65101789,2018/6/4,2018
Virtual Species,Virtual species,2018/3/13,1,1,United States,Texas,Waller,44.84009648,-85.22355301,2018/6/4,2018
Virtual Species,Virtual species,2018/3/13,1,1,United States,Texas,Colorado,49.2963871,-99.86510633,2018/6/5,2018
Virtual Species,Virtual species,2018/3/13,1,1,United States,Texas,Kenedy,44.93126704,-85.11621372,2018/6/5,2018
Virtual Species,Virtual species,2018/3/13,1,1,United States,Texas,Hidalgo,49.64168119,-100.0858276,2018/6/6,2018
Virtual Species,Virtual species,2018/3/13,1,1,United States,Texas,Hidalgo,45.02229213,-85.00887442,2018/6/6,2018
Virtual Species,Virtual species,2018/3/13,1,1,United States,Texas,Hidalgo,50.26002577,-100.3128033,2018/6/7,2018
Virtual Species,Virtual species,2018/3/13,1,1,United States,Texas,Hidalgo,45.11317176,-84.90153512,2018/6/7,2018
Virtual Species,Virtual species,2018/3/13,1,1,United States,Texas,Hidalgo,50.28514567,-100.5455855,2018/6/8,2018
Virtual Species,Virtual species,2018/3/13,1,1,United States,Texas,Hidalgo,45.20390593,-84.79419583,2018/6/8,2018
Virtual Species,Virtual species,2018/3/13,1,1,United States,Texas,Hidalgo,50.41180159,-100.7836565,2018/6/9,2018
Virtual Species,Virtual species,2018/3/13,1,1,United States,Texas,Hidalgo,45.29449466,-84.68685653,2018/6/9,2018
Virtual Species,Virtual species,2018/3/13,1,1,United States,Texas,Kenedy,50.4674764,-101.0264305,2018/6/10,2018
Virtual Species,Virtual species,2018/3/13,1,1,United States,Texas,Kenedy,45.38493795,-84.57951723,2018/6/10,2018
Virtual Species,Virtual species,2018/3/13,1,1,United States,Texas,Kenedy,50.5097805,-101.2732547,2018/6/11,2018
Virtual Species,Virtual species,2018/3/14,1,1,United States,Texas,Kenedy,45.47523582,-84.47217794,2018/6/11,2018
Virtual Species,Virtual species,2018/3/13,1,1,United States,Texas,Kenedy,50.76727389,-101.5234114,2018/6/12,2018
Virtual Species,Virtual species,2018/3/14,1,1,United States,Texas,Kenedy,45.56538828,-84.36483864,2018/6/12,2018
Virtual Species,Virtual species,2018/3/15,1,1,United States,Texas,Hidalgo,50.89693124,-101.7761198,2018/6/13,2018
Virtual Species,Virtual species,2018/3/16,1,1,United States,Texas,Hidalgo,45.65539534,-84.25749934,2018/6/13,2018
Virtual Species,Virtual species,2018/3/16,1,1,United States,Texas,Kenedy,51.01347217,-102.030539,2018/6/14,2018
Virtual Species,Virtual species,2018/3/16,1,1,United States,Texas,Kenedy,45.74525702,-84.15016005,2018/6/14,2018
Virtual Species,Virtual species,2018/3/17,1,1,United States,Texas,Cameron,51.11722098,-102.2857704,2018/6/15,2018
Virtual Species,Virtual species,2018/3/18,1,1,United States,Texas,Bell,45.83497334,-84.04282075,2018/6/15,2018
Virtual Species,Virtual species,2018/3/18,1,1,United States,Texas,Hidalgo,51.65772946,-102.5408615,2018/6/16,2018
Virtual Species,Virtual species,2018/3/13,1,1,United States,Texas,Kenedy,45.92454431,-83.93548145,2018/6/16,2018
Virtual Species,Virtual species,2018/3/7,1,1,United States,Texas,Hidalgo,52.23538619,-102.7948095,2018/6/17,2018
Virtual Species,Virtual species,2018/3/17,1,1,United States,Texas,Cameron,46.01396996,-83.82814216,2018/6/17,2018
Virtual Species,Virtual species,2018/3/20,1,1,United States,Texas,Kenedy,52.35663276,-103.0465649,2018/6/18,2018
Virtual Species,Virtual species,2018/3/20,1,1,United States,Texas,Kenedy,46.1032503,-83.72080286,2018/6/18,2018
Virtual Species,Virtual species,2018/3/20,1,1,United States,Texas,Williamson,52.63099136,-103.2950361,2018/6/19,2018
Virtual Species,Virtual species,2018/3/16,1,1,United States,Texas,Kenedy,46.19238537,-83.61346356,2018/6/19,2018
Virtual Species,Virtual species,2018/3/16,1,1,United States,Texas,Kenedy,52.73001709,-103.5390937,2018/6/20,2018
Virtual Species,Virtual species,2018/3/22,1,1,United States,Texas,Hidalgo,46.28137518,-83.50612427,2018/6/20,2018
Virtual Species,Virtual species,2018/3/22,1,1,United States,Texas,Hidalgo,52.92762898,-103.7775758,2018/6/21,2018
Virtual Species,Virtual species,2018/3/22,1,1,United States,Texas,Hidalgo,46.37021976,-83.39878497,2018/6/21,2018
Virtual Species,Virtual species,2018/3/7,1,1,United States,Texas,Galveston,53.168996,-104.0092926,2018/6/22,2018
Virtual Species,Virtual species,2018/3/23,1,1,United States,Texas,Kenedy,46.45891913,-83.29144568,2018/6/22,2018
Virtual Species,Virtual species,2018/3/24,1,1,United States,Texas,Cameron,53.29269425,-104.233032,2018/6/23,2018
Virtual Species,Virtual species,2018/3/23,1,1,United States,Arizona,Yavapai,46.54747333,-83.18410638,2018/6/23,2018
Virtual Species,Virtual species,2018/3/24,1,1,United States,Texas,Bell,53.35404106,-104.447565,2018/6/24,2018
Virtual Species,Virtual species,2018/3/24,1,1,United States,Texas,Hidalgo,46.63588238,-83.07676708,2018/6/24,2018
Virtual Species,Virtual species,2018/3/2,1,1,United States,Texas,Kenedy,53.40755903,-104.6516514,2018/6/25,2018
Virtual Species,Virtual species,2018/3/24,1,1,United States,Texas,Bell,46.72414632,-82.96942779,2018/6/25,2018
Virtual Species,Virtual species,2018/3/25,1,1,United States,Texas,Matagorda,53.45383574,-104.8440459,2018/6/26,2018
Virtual Species,Virtual species,2018/3/25,1,1,United States,Texas,Kenedy,46.81226517,-82.86208849,2018/6/26,2018
Virtual Species,Virtual species,2018/3/24,1,1,United States,Texas,Kenedy,53.49346815,-105.0235034,2018/6/27,2018
Virtual Species,Virtual species,2018/3/24,1,1,United States,Texas,Kenedy,46.90023898,-82.75474919,2018/6/27,2018
Virtual Species,Virtual species,2018/3/27,1,1,United States,Texas,Grayson,53.58055331,-105.1887858,2018/6/28,2018
Virtual Species,Virtual species,2018/3/27,1,1,United States,Texas,Grayson,46.98806777,-82.6474099,2018/6/28,2018
Virtual Species,Virtual species,2018/3/27,1,1,United States,Texas,Grayson,53.50169646,-105.3386678,2018/6/29,2018
Virtual Species,Virtual species,2018/3/27,1,1,United States,Texas,Grayson,47.07575158,-82.5400706,2018/6/29,2018
Virtual Species,Virtual species,2018/3/27,1,1,Mexico,Nuevo Le贸n,,53.47150463,-105.4719429,2018/6/30,2018
Virtual Species,Virtual species,2018/3/27,1,1,United States,Texas,Grayson,47.16329045,-82.4327313,2018/6/30,2018
Virtual Species,Virtual species,2018/3/27,1,1,Mexico,Nuevo Le贸n,,53.43708088,-105.5874296,2018/7/1,2018
Virtual Species,Virtual species,2018/3/24,1,1,United States,Texas,Kenedy,47.25068442,-82.32539201,2018/7/1,2018
Virtual Species,Virtual species,2018/3/28,1,1,United States,Texas,Kenedy,53.3452987,-105.6839776,2018/7/2,2018
Virtual Species,Virtual species,2018/3/28,1,1,United States,Texas,Kenedy,47.33793353,-82.21805271,2018/7/2,2018
Virtual Species,Virtual species,2018/3/24,1,1,United States,Texas,Kenedy,53.25030427,-105.7604739,2018/7/3,2018
Virtual Species,Virtual species,2018/3/27,1,1,United States,Texas,Hidalgo,47.42503781,-82.11071341,2018/7/3,2018
Virtual Species,Virtual species,2018/3/28,1,1,United States,Texas,Brazos,53.0986437,-105.8158485,2018/7/4,2018
Virtual Species,Virtual species,2018/3/28,1,1,United States,Texas,Kenedy,47.51199732,-82.00337412,2018/7/4,2018
Virtual Species,Virtual species,2018/3/28,1,1,United States,Texas,Hidalgo,52.89031141,-105.8490805,2018/7/5,2018
Virtual Species,Virtual species,2018/3/29,1,1,United States,Mississippi,Panola,47.59881209,-81.89603482,2018/7/5,2018
Virtual Species,Virtual species,2018/3/24,1,1,United States,Texas,Kenedy,52.24073483,-105.8592035,2018/7/6,2018
Virtual Species,Virtual species,2018/3/28,1,1,United States,Texas,Kenedy,47.68548218,-81.78869552,2018/7/6,2018
Virtual Species,Virtual species,2018/3/27,1,1,United States,Texas,Hidalgo,51.9708328,-105.8453113,2018/7/7,2018
Virtual Species,Virtual species,2018/3/30,1,1,United States,Texas,Kenedy,47.77200762,-81.68135623,2018/7/7,2018
Virtual Species,Virtual species,2018/3/30,1,1,United States,Texas,Kenedy,52.19873953,-105.8065629,2018/7/8,2018
Virtual Species,Virtual species,2018/3/30,1,1,United States,Texas,Kenedy,47.85838846,-81.57401693,2018/7/8,2018
Virtual Species,Virtual species,2018/3/29,1,1,United States,Texas,Harris,52.03978531,-105.742188,2018/7/9,2018
Virtual Species,Virtual species,2018/3/30,1,1,United States,Texas,Kenedy,47.94462476,-81.46667764,2018/7/9,2018
Virtual Species,Virtual species,2018/3/30,1,1,United States,Texas,Kenedy,51.8255569,-105.6514912,2018/7/10,2018
Virtual Species,Virtual species,2018/3/31,1,1,United States,Kansas,Reno,48.03071656,-81.35933834,2018/7/10,2018
Virtual Species,Virtual species,2018/3/31,1,1,United States,Texas,San Patricio,51.8348885,-105.5338568,2018/7/11,2018
Virtual Species,Virtual species,2018/3/31,1,1,United States,Texas,Hidalgo,48.11666391,-81.25199904,2018/7/11,2018
Virtual Species,Virtual species,2018/3/29,1,1,United States,Texas,Harris,51.67887316,-105.388753,2018/7/12,2018
Virtual Species,Virtual species,2018/3/31,1,1,United States,Texas,Kenedy,48.20246688,-81.14465975,2018/7/12,2018
Virtual Species,Virtual species,2018/3/31,1,1,United States,Texas,Kenedy,51.41243303,-105.2157354,2018/7/13,2018
Virtual Species,Virtual species,2018/3/31,1,1,United States,Texas,Matagorda,48.2881255,-81.03732045,2018/7/13,2018
Virtual Species,Virtual species,2018/3/24,1,1,United States,Arizona,Yavapai,51.09063922,-105.0144505,2018/7/14,2018
Virtual Species,Virtual species,2018/3/31,1,1,United States,Kansas,Reno,48.37363983,-80.92998115,2018/7/14,2018
Virtual Species,Virtual species,2018/3/31,1,1,United States,Texas,Cameron,50.54130397,-104.7846393,2018/7/15,2018
Virtual Species,Virtual species,2018/3/31,1,1,United States,Texas,Hidalgo,48.3932434,-80.82264186,2018/7/15,2018
Virtual Species,Virtual species,2018/3/31,1,1,United States,Texas,Kenedy,50.53384794,-104.5261392,2018/7/16,2018
Virtual Species,Virtual species,2018/3/31,1,1,United States,Texas,Kenedy,48.41881937,-80.71530256,2018/7/16,2018
Virtual Species,Virtual species,2018/3/30,1,1,United States,Texas,Kenedy,50.41993534,-104.2388864,2018/7/17,2018
Virtual Species,Virtual species,2018/3/31,1,1,United States,Texas,Kenedy,48.44273228,-80.60796326,2018/7/17,2018
Virtual Species,Virtual species,2018/3/31,1,1,United States,Texas,Kenedy,50.33636045,-103.9229184,2018/7/18,2018
Virtual Species,Virtual species,2018/4/1,1,1,United States,Texas,Matagorda,48.45468449,-80.50062397,2018/7/18,2018
Virtual Species,Virtual species,2018/3/2,1,1,United States,Texas,Willacy,50.25692087,-103.5783743,2018/7/19,2018
Virtual Species,Virtual species,2018/3/31,1,1,United States,Texas,Matagorda,48.4726075,-80.39328467,2018/7/19,2018
Virtual Species,Virtual species,2018/4/5,1,1,United States,Kansas,Ellis,50.12408877,-103.2054965,2018/7/20,2018
Virtual Species,Virtual species,2018/4/5,1,1,United States,Oklahoma,Beaver,48.48455263,-80.28594537,2018/7/20,2018
Virtual Species,Virtual species,2018/4/6,1,1,United States,Texas,Kenedy,49.99548576,-102.804631,2018/7/21,2018
Virtual Species,Virtual species,2018/4/6,1,1,United States,Texas,Kenedy,48.49052414,-80.17860608,2018/7/21,2018
Virtual Species,Virtual species,2018/4/6,1,1,United States,Texas,Kenedy,49.92925213,-102.3762268,2018/7/22,2018
Virtual Species,Virtual species,2018/1/23,1,1,United States,Texas,Kleberg,48.49649494,-80.07126678,2018/7/22,2018
Virtual Species,Virtual species,2018/3/29,1,1,United States,Texas,Harris,49.80955424,-101.9208365,2018/7/23,2018
Virtual Species,Virtual species,2018/4/9,1,1,United States,Kansas,Wabaunsee,48.50246503,-79.96392748,2018/7/23,2018
Virtual Species,Virtual species,2018/4/9,1,1,United States,Texas,McLennan,50.3885111,-101.4391143,2018/7/24,2018
Virtual Species,Virtual species,2018/3/23,1,1,United States,Texas,Kenedy,48.50843442,-79.85658819,2018/7/24,2018
Virtual Species,Virtual species,2018/4/10,1,1,United States,Texas,Kenedy,50.39424175,-100.931815,2018/7/25,2018
Virtual Species,Virtual species,2018/4/10,1,1,United States,Texas,Coryell,48.5144031,-79.74924889,2018/7/25,2018
Virtual Species,Virtual species,2018/4/10,1,1,United States,Texas,Galveston,50.40447369,-100.3997924,2018/7/26,2018
Virtual Species,Virtual species,2018/4/11,1,1,United States,Kansas,Kiowa,48.52633833,-79.64190959,2018/7/26,2018
Virtual Species,Virtual species,2018/4/11,1,1,United States,Texas,Kenedy,50.41905822,-99.84399624,2018/7/27,2018
Virtual Species,Virtual species,2018/4/11,1,1,United States,Texas,Kenedy,48.53827074,-79.5345703,2018/7/27,2018
Virtual Species,Virtual species,2018/4/11,1,1,United States,Texas,Kenedy,50.43780256,-99.26547008,2018/7/28,2018
Virtual Species,Virtual species,2018/4/11,1,1,United States,Texas,Kenedy,48.54423588,-79.427231,2018/7/28,2018
Virtual Species,Virtual species,2018/4/10,1,1,United States,Texas,Kenedy,50.46047111,-98.66534763,2018/7/29,2018
Virtual Species,Virtual species,2018/4/10,1,1,United States,Texas,Kenedy,48.55020031,-79.31989171,2018/7/29,2018
Virtual Species,Virtual species,2018/4/11,1,1,United States,Oklahoma,Osage,50.48678715,-98.04484923,2018/7/30,2018
Virtual Species,Virtual species,2018/4/11,1,1,United States,Texas,Kenedy,48.55616404,-79.21255241,2018/7/30,2018
Virtual Species,Virtual species,2018/4/12,1,1,United States,Texas,Matagorda,50.51643464,-97.40527773,2018/7/31,2018
Virtual Species,Virtual species,2018/4/12,1,1,United States,Texas,Colorado,48.55945681,-79.10521311,2018/7/31,2018
Virtual Species,Virtual species,2018/4/13,1,1,United States,Texas,Kenedy,50.54906034,-96.748014,2018/8/1,2018
Virtual Species,Virtual species,2018/4/13,1,1,United States,Texas,Kenedy,48.54752943,-78.99787382,2018/8/1,2018
Virtual Species,Virtual species,2018/4/13,1,1,United States,Texas,Ellis,50.58427607,-96.07451204,2018/8/2,2018
Virtual Species,Virtual species,2018/4/14,1,1,United States,Texas,Hays,48.53559922,-78.89053452,2018/8/2,2018
Virtual Species,Virtual species,2018/4/14,1,1,United States,Texas,Kenedy,50.62166125,-95.38629382,2018/8/3,2018
Virtual Species,Virtual species,2018/4/11,1,1,United States,Kansas,Kiowa,48.52366618,-78.78319522,2018/8/3,2018
Virtual Species,Virtual species,2018/4/14,1,1,United States,Texas,Nueces,51.09197171,-94.68494364,2018/8/4,2018
Virtual Species,Virtual species,2018/4/14,1,1,United States,Texas,Hays,48.51173031,-78.67585593,2018/8/4,2018
Virtual Species,Virtual species,2018/4/10,1,1,United States,Nebraska,Webster,51.43687672,-93.97210235,2018/8/5,2018
Virtual Species,Virtual species,2018/4/14,1,1,United States,Texas,Kenedy,48.49979162,-78.56851663,2018/8/5,2018
Virtual Species,Virtual species,2018/4/15,1,1,United States,Texas,Kenedy,51.75692249,-93.24946111,2018/8/6,2018
Virtual Species,Virtual species,2018/4/12,1,1,United States,Texas,Matagorda,48.48785009,-78.46117733,2018/8/6,2018
Virtual Species,Virtual species,2018/4/15,1,1,Mexico,Nuevo Le贸n,,52.13026998,-92.51875507,2018/8/7,2018
Virtual Species,Virtual species,2018/4/15,1,1,United States,Texas,Kenedy,48.47590574,-78.35383804,2018/8/7,2018
Virtual Species,Virtual species,2018/4/12,1,1,United States,Texas,Colorado,52.77347611,-91.78175665,2018/8/8,2018
Virtual Species,Virtual species,2018/4/16,1,1,United States,Texas,Bastrop,48.46395855,-78.24649874,2018/8/8,2018
Virtual Species,Virtual species,2018/4/14,1,1,United States,Texas,Kenedy,52.81186957,-91.04026878,2018/8/9,2018
Virtual Species,Virtual species,2018/4/14,1,1,United States,Texas,Kenedy,48.45200854,-78.13915944,2018/8/9,2018
Virtual Species,Virtual species,2018/4/14,1,1,United States,Texas,Kenedy,52.84887569,-90.29611788,2018/8/10,2018
Virtual Species,Virtual species,2018/4/17,1,1,United States,Kansas,Reno,48.4400557,-78.03182015,2018/8/10,2018
Virtual Species,Virtual species,2018/4/14,1,1,United States,Texas,Kenedy,52.93824789,-89.5511467,2018/8/11,2018
Virtual Species,Virtual species,2018/4/18,1,1,United States,Texas,Kenedy,48.42810002,-77.92448085,2018/8/11,2018
Virtual Species,Virtual species,2018/4/11,1,1,United States,Kansas,Kiowa,52.97077496,-88.80720715,2018/8/12,2018
Virtual Species,Virtual species,2018/4/18,1,1,United States,Texas,Chambers,48.41614152,-77.81714155,2018/8/12,2018
Virtual Species,Virtual species,2018/4/18,1,1,United States,Texas,Kenedy,53.05440605,-88.06615293,2018/8/13,2018
Virtual Species,Virtual species,2018/4/18,1,1,United States,Texas,Kenedy,48.40418019,-77.70980226,2018/8/13,2018
Virtual Species,Virtual species,2018/4/17,1,1,United States,Texas,Kenedy,53.08022919,-87.32983223,2018/8/14,2018
Virtual Species,Virtual species,2018/4/20,1,1,United States,Texas,Kenedy,48.39221602,-77.60246296,2018/8/14,2018
Virtual Species,Virtual species,2018/4/20,1,1,United States,Texas,Kenedy,53.10188377,-86.60008043,2018/8/15,2018
Virtual Species,Virtual species,2018/4/20,1,1,United States,Texas,Kenedy,48.38024903,-77.49512367,2018/8/15,2018
Virtual Species,Virtual species,2018/4/20,1,1,United States,Texas,Kenedy,53.1188178,-85.87871272,2018/8/16,2018
Virtual Species,Virtual species,2018/4/21,1,1,United States,Texas,Kenedy,48.3682792,-77.38778437,2018/8/16,2018
Virtual Species,Virtual species,2018/4/21,1,1,United States,Texas,Kenedy,53.18448206,-85.16751695,2018/8/17,2018
Virtual Species,Virtual species,2018/4/21,1,1,United States,Texas,Kenedy,48.35630655,-77.28044507,2018/8/17,2018
Virtual Species,Virtual species,2018/4/22,1,1,United States,Oklahoma,Payne,53.24426424,-84.46824646,2018/8/18,2018
Virtual Species,Virtual species,2018/4/22,1,1,United States,Oklahoma,Payne,48.34433106,-77.17310578,2018/8/18,2018
Virtual Species,Virtual species,2018/4/13,1,1,United States,Texas,Kenedy,53.35145022,-83.78261308,2018/8/19,2018
Virtual Species,Virtual species,2018/4/23,1,1,Canada,Saskatchewan,Maple Creek,48.33235275,-77.06576648,2018/8/19,2018
Virtual Species,Virtual species,2018/4/23,1,1,United States,Louisiana,Ouachita,53.34420822,-83.11228033,2018/8/20,2018
Virtual Species,Virtual species,2018/4/25,1,1,United States,Texas,Kenedy,48.3203716,-76.95842718,2018/8/20,2018
Virtual Species,Virtual species,2018/4/25,1,1,United States,Texas,Kenedy,53.32968456,-82.45885679,2018/8/21,2018
Virtual Species,Virtual species,2018/4/26,1,1,United States,North Dakota,Billings,48.30838762,-76.85108789,2018/8/21,2018
Virtual Species,Virtual species,2018/4/26,1,1,Canada,Saskatchewan,Maple Creek,52.6568278,-81.82388969,2018/8/22,2018
Virtual Species,Virtual species,2018/4/26,1,1,United States,North Dakota,Billings,48.2964008,-76.74374859,2018/8/22,2018
Virtual Species,Virtual species,2018/4/26,1,1,United States,North Dakota,Billings,51.8538414,-81.20885878,2018/8/23,2018
Virtual Species,Virtual species,2018/4/25,1,1,United States,Texas,Kenedy,48.28441116,-76.63640929,2018/8/23,2018
Virtual Species,Virtual species,2018/4/25,1,1,United States,Texas,Kenedy,51.47812264,-80.61517054,2018/8/24,2018
Virtual Species,Virtual species,2018/4/27,1,1,United States,Montana,Valley,48.27241869,-76.52907,2018/8/24,2018
Virtual Species,Virtual species,2018/4/27,1,1,Canada,Saskatchewan,Maple Creek,51.31557248,-80.04415257,2018/8/25,2018
Virtual Species,Virtual species,2018/4/27,1,1,Canada,Alberta,Drumheller,48.26042338,-76.4217307,2018/8/25,2018
Virtual Species,Virtual species,2018/4/27,1,1,United States,Montana,Sheridan,51.2555352,-79.49704848,2018/8/26,2018
Virtual Species,Virtual species,2018/4/27,1,1,Canada,Saskatchewan,Maple Creek,48.24842524,-76.3143914,2018/8/26,2018
Virtual Species,Virtual species,2018/4/27,1,1,Canada,Saskatchewan,Maple Creek,51.07226714,-78.97501307,2018/8/27,2018
Virtual Species,Virtual species,2018/4/26,1,1,Canada,Alberta,Medicine Hat,48.23642427,-76.20705211,2018/8/27,2018
Virtual Species,Virtual species,2018/4/27,1,1,United States,North Dakota,Golden Valley,50.99133552,-78.47910788,2018/8/28,2018
Virtual Species,Virtual species,2018/4/28,1,1,Canada,Saskatchewan,Weyburn,48.22442046,-76.09971281,2018/8/28,2018
Virtual Species,Virtual species,2018/4/28,1,1,Canada,Saskatchewan,Maple Creek,50.78580455,-78.0102972,2018/8/29,2018
Virtual Species,Virtual species,2018/4/21,1,1,United States,Texas,Kenedy,48.21241383,-75.99237351,2018/8/29,2018
Virtual Species,Virtual species,2018/4/21,1,1,United States,Texas,Kenedy,50.5111244,-77.56944453,2018/8/30,2018
Virtual Species,Virtual species,2018/3/27,1,1,United States,Texas,Colorado,48.20040436,-75.88503422,2018/8/30,2018
Virtual Species,Virtual species,2018/4/29,1,1,United States,Montana,Sheridan,50.39617243,-77.15730937,2018/9/1,2018
Virtual Species,Virtual species,2018/4/20,1,1,United States,Texas,Kenedy,48.18839206,-75.77769492,2018/9/1,2018
Virtual Species,Virtual species,2018/4/13,1,1,United States,Texas,Ellis,50.26959163,-76.77454464,2018/9/2,2018
Virtual Species,Virtual species,2018/4/13,1,1,United States,Texas,Ellis,48.17637692,-75.67035563,2018/9/2,2018
Virtual Species,Virtual species,2018/4/11,1,1,United States,Kansas,Kiowa,50.13121482,-76.42169441,2018/9/3,2018
Virtual Species,Virtual species,2018/4/30,1,1,Canada,Alberta,Drumheller,48.16435895,-75.56301633,2018/9/3,2018
Virtual Species,Virtual species,2018/4/30,1,1,Canada,Saskatchewan,Kindersley,49.98091266,-76.09919226,2018/9/4,2018
Virtual Species,Virtual species,2018/4/27,1,1,United States,North Dakota,McKenzie,48.15233815,-75.45567703,2018/9/4,2018
Virtual Species,Virtual species,2018/5/1,1,1,United States,North Dakota,Stark,49.81859471,-75.80736002,2018/9/5,2018
Virtual Species,Virtual species,2018/5/1,1,1,United States,North Dakota,Stark,48.14031452,-75.34833774,2018/9/5,2018
Virtual Species,Virtual species,2018/5/1,1,1,United States,North Dakota,Stark,49.64421051,-75.54640707,2018/9/6,2018
Virtual Species,Virtual species,2018/4/10,1,1,United States,Kansas,Anderson,48.12828805,-75.24099844,2018/9/6,2018
Virtual Species,Virtual species,2018/5/1,1,1,Canada,Saskatchewan,Assiniboia,49.45775052,-75.31643008,2018/9/7,2018
Virtual Species,Virtual species,2018/5/1,1,1,Canada,Alberta,Medicine Hat,48.11625874,-75.13365914,2018/9/7,2018
Virtual Species,Virtual species,2018/5/2,1,1,Canada,Alberta,Hanna,49.25924705,-75.11741338,2018/9/8,2018
Virtual Species,Virtual species,2018/5/2,1,1,United States,North Dakota,Billings,48.10422661,-75.02631985,2018/9/8,2018
Virtual Species,Virtual species,2018/5/2,1,1,United States,North Dakota,Billings,49.04877508,-74.94922966,2018/9/9,2018
Virtual Species,Virtual species,2018/5/3,1,1,Canada,Saskatchewan,Assiniboia,48.09219164,-74.91898055,2018/9/9,2018
Virtual Species,Virtual species,2018/4/13,1,1,United States,Texas,Ellis,48.82645297,-74.81164125,2018/9/10,2018
Virtual Species,Virtual species,2018/5/3,1,1,United States,Montana,Glacier,47.92880839,-74.81164125,2018/9/10,2018
Virtual Species,Virtual species,2018/5/3,1,1,Canada,Alberta,Fort MacLeod,48.59244314,-74.70430196,2018/9/11,2018
Virtual Species,Virtual species,2018/5/1,1,1,Canada,Alberta,Medicine Hat,47.62992959,-74.70430196,2018/9/11,2018
Virtual Species,Virtual species,2018/5/4,1,1,United States,Montana,Roosevelt,48.34695257,-74.62675922,2018/9/12,2018
Virtual Species,Virtual species,2018/5/4,1,1,United States,Montana,Sheridan,47.60626669,-74.62675922,2018/9/12,2018
Virtual Species,Virtual species,2018/5/3,1,1,Canada,Alberta,Medicine Hat,48.92587748,-74.57845686,2018/9/13,2018
Virtual Species,Virtual species,2018/5/4,1,1,Canada,Alberta,Drumheller,47.48484506,-74.57845686,2018/9/13,2018
Virtual Species,Virtual species,2018/5/4,1,1,United States,Montana,Wheatland,48.78149434,-74.55873826,2018/9/14,2018
Virtual Species,Virtual species,2018/5/4,1,1,Canada,Saskatchewan,Weyburn,47.27521908,-74.55873826,2018/9/14,2018
Virtual Species,Virtual species,2018/5/5,1,1,United States,North Dakota,Stark,47.54434206,-74.56684993,2018/9/15,2018
Virtual Species,Virtual species,2018/5/5,1,1,United States,North Dakota,McHenry,47.23933297,-74.56684993,2018/9/15,2018
Virtual Species,Virtual species,2018/5/5,1,1,United States,North Dakota,Stark,47.25590035,-74.60194555,2018/9/16,2018
Virtual Species,Virtual species,2018/5/5,1,1,United States,Montana,Toole,47.07209981,-74.60194555,2018/9/16,2018
Virtual Species,Virtual species,2018/5/4,1,1,United States,Montana,Wheatland,46.95768962,-74.66309038,2018/9/17,2018
Virtual Species,Virtual species,2018/5/5,1,1,United States,Montana,Toole,46.95768962,-74.66309038,2018/9/17,2018
Virtual Species,Virtual species,2018/5/5,1,1,United States,Montana,Daniels,46.65018675,-74.74926607,2018/9/18,2018
Virtual Species,Virtual species,2018/5/5,1,1,United States,Montana,Toole,46.65018675,-74.74926607,2018/9/18,2018
Virtual Species,Virtual species,2018/5/5,1,1,United States,Montana,Toole,46.33391222,-74.8593758,2018/9/19,2018
Virtual Species,Virtual species,2018/5/5,1,1,Canada,Saskatchewan,Swift Current,46.33391222,-74.8593758,2018/9/19,2018
Virtual Species,Virtual species,2018/5/5,1,1,Canada,Saskatchewan,Moose Jaw,46.00942903,-74.99224978,2018/9/20,2018
Virtual Species,Virtual species,2018/5/5,1,1,Canada,Alberta,Lethbridge,46.00942903,-74.99224978,2018/9/20,2018
Virtual Species,Virtual species,2018/5/5,1,1,Canada,Saskatchewan,Weyburn,45.67734147,-75.14665101,2018/9/21,2018
Virtual Species,Virtual species,2018/5/5,1,1,Canada,Saskatchewan,Moose Jaw,45.67734147,-75.14665101,2018/9/21,2018
Virtual Species,Virtual species,2018/5/5,1,1,Canada,Saskatchewan,Maple Creek,45.33829347,-75.32128135,2018/9/22,2018
Virtual Species,Virtual species,2018/5/6,1,1,United States,North Dakota,Dunn,45.33829347,-75.32128135,2018/9/22,2018
Virtual Species,Virtual species,2018/5/5,1,1,United States,Montana,Sheridan,44.99296672,-75.51478784,2018/9/23,2018
Virtual Species,Virtual species,2018/5/6,1,1,Canada,Saskatchewan,Saskatoon,44.99296672,-75.51478784,2018/9/23,2018
Virtual Species,Virtual species,2018/5/5,1,1,United States,Montana,Sheridan,44.64207849,-75.72576915,2018/9/24,2018
Virtual Species,Virtual species,2018/5/6,1,1,Canada,Alberta,Stettler,44.64207849,-75.72576915,2018/9/24,2018
Virtual Species,Virtual species,2018/5/6,1,1,United States,North Dakota,Dunn,44.2863791,-75.95278234,2018/9/25,2018
Virtual Species,Virtual species,2018/5/6,1,1,United States,North Dakota,Dunn,44.2863791,-75.95278234,2018/9/25,2018
Virtual Species,Virtual species,2018/4/14,1,1,United States,Texas,Kenedy,43.92664907,-76.19434968,2018/9/26,2018
Virtual Species,Virtual species,2018/5/5,1,1,United States,Montana,Hill,43.92664907,-76.19434968,2018/9/26,2018
Virtual Species,Virtual species,2018/5/6,1,1,Canada,Alberta,Stettler,43.56369602,-76.4489656,2018/9/27,2018
Virtual Species,Virtual species,2018/5/6,1,1,Canada,Saskatchewan,Maple Creek,43.56369602,-76.4489656,2018/9/27,2018
Virtual Species,Virtual species,2018/5/6,1,1,Canada,Saskatchewan,Maple Creek,43.19835121,-76.71510372,2018/9/28,2018
Virtual Species,Virtual species,2018/5/6,1,1,Canada,Saskatchewan,Maple Creek,43.19835121,-76.71510372,2018/9/28,2018
Virtual Species,Virtual species,2018/5/6,1,1,Canada,Saskatchewan,Maple Creek,42.83146581,-76.99122394,2018/9/29,2018
Virtual Species,Virtual species,2018/5/5,1,1,United States,North Dakota,McHenry,42.83146581,-76.99122394,2018/9/29,2018
Virtual Species,Virtual species,2018/5/7,1,1,United States,Montana,Richland,42.46390691,-77.27577957,2018/9/30,2018
Virtual Species,Virtual species,2018/5/5,1,1,Canada,Saskatchewan,Weyburn,42.46390691,-77.27577957,2018/9/30,2018
Virtual Species,Virtual species,2018/5/5,1,1,United States,Montana,Sheridan,42.09655324,-77.56722434,2018/10/1,2018
Virtual Species,Virtual species,2018/5/5,1,1,United States,Montana,Sheridan,42.09655324,-77.56722434,2018/10/1,2018
Virtual Species,Virtual species,2018/5/7,1,1,United States,North Dakota,Kidder,41.73029071,-77.86401948,2018/10/2,2018
Virtual Species,Virtual species,2018/5/8,1,1,United States,North Dakota,Billings,41.73029071,-77.86401948,2018/10/2,2018
Virtual Species,Virtual species,2018/4/21,1,1,United States,Texas,Kenedy,41.36600777,-78.1646406,2018/10/3,2018
Virtual Species,Virtual species,2018/5/6,1,1,Canada,Alberta,Stettler,41.36600777,-78.1646406,2018/10/3,2018
Virtual Species,Virtual species,2018/5/5,1,1,United States,Montana,Sheridan,41.00459053,-78.46758455,2018/10/4,2018
Virtual Species,Virtual species,2018/5/6,1,1,Canada,Saskatchewan,Maple Creek,41.00459053,-78.46758455,2018/10/4,2018
Virtual Species,Virtual species,2018/5/6,1,1,Canada,Saskatchewan,Maple Creek,40.64691785,-78.77137602,2018/10/5,2018
Virtual Species,Virtual species,2018/5/6,1,1,Canada,Saskatchewan,Maple Creek,40.64691785,-78.77137602,2018/10/5,2018
Virtual Species,Virtual species,2018/5/9,1,1,United States,Montana,Phillips,40.29385632,-79.07457403,2018/10/6,2018
Virtual Species,Virtual species,2018/5/9,1,1,United States,Montana,Phillips,40.29385632,-79.07457403,2018/10/6,2018
Virtual Species,Virtual species,2018/5/6,1,1,United States,Montana,Sheridan,39.94625517,-79.37577816,2018/10/7,2018
Virtual Species,Virtual species,2018/5/9,1,1,United States,Montana,Phillips,39.94625517,-79.37577816,2018/10/7,2018
Virtual Species,Virtual species,2018/5/9,1,1,United States,Montana,Phillips,39.60494126,-79.67363459,2018/10/8,2018
Virtual Species,Virtual species,2018/5/9,1,1,United States,Montana,Phillips,39.60494126,-79.67363459,2018/10/8,2018
Virtual Species,Virtual species,2018/5/9,1,1,United States,Montana,Phillips,39.27071408,-79.96684175,2018/10/9,2018
Virtual Species,Virtual species,2018/5/10,1,1,Canada,Saskatchewan,Saskatoon,39.27071408,-79.96684175,2018/10/9,2018
Virtual Species,Virtual species,2018/5/10,1,1,Canada,Alberta,Medicine Hat,38.94434088,-80.25415584,2018/10/10,2018
Virtual Species,Virtual species,2018/5/9,1,1,United States,Montana,Phillips,38.94434088,-80.25415584,2018/10/10,2018
Virtual Species,Virtual species,2018/5/9,1,1,United States,Montana,Phillips,38.62655188,-80.53439582,2018/10/11,2018
Virtual Species,Virtual species,2018/5/9,1,1,United States,Montana,Phillips,38.62655188,-80.53439582,2018/10/11,2018
Virtual Species,Virtual species,2018/5/11,1,1,Canada,Alberta,Medicine Hat,38.31803582,-80.80644824,2018/10/12,2018
Virtual Species,Virtual species,2018/5/11,1,1,United States,Montana,Phillips,38.31803582,-80.80644824,2018/10/12,2018
Virtual Species,Virtual species,2018/5/9,1,1,Canada,Alberta,Fort MacLeod,38.01943561,-81.06927158,2018/10/13,2018
Virtual Species,Virtual species,2018/5/11,1,1,Canada,Saskatchewan,North Battleford,38.01943561,-81.06927158,2018/10/13,2018
Virtual Species,Virtual species,2018/5/11,1,1,United States,North Dakota,McKenzie,37.73134431,-81.3219002,2018/10/14,2018
Virtual Species,Virtual species,2018/5/11,1,1,Canada,Alberta,Hanna,37.73134431,-81.3219002,2018/10/14,2018
Virtual Species,Virtual species,2018/5/9,1,1,United States,Montana,Valley,37.45430147,-81.56344799,2018/10/15,2018
Virtual Species,Virtual species,2018/5/11,1,1,United States,Montana,Valley,37.45430147,-81.56344799,2018/10/15,2018
Virtual Species,Virtual species,2018/5/11,1,1,Canada,Saskatchewan,Moose Jaw,37.18878974,-81.79311143,2018/10/16,2018
Virtual Species,Virtual species,2018/5/10,1,1,Canada,Alberta,Calgary,37.18878974,-81.79311143,2018/10/16,2018
Virtual Species,Virtual species,2018/5/11,1,1,Canada,Saskatchewan,Moose Jaw,36.93523194,-82.01017237,2018/10/17,2018
Virtual Species,Virtual species,2018/5/11,1,1,Canada,Saskatchewan,Maple Creek,36.93523194,-82.01017237,2018/10/17,2018
Virtual Species,Virtual species,2018/5/12,1,1,United States,Montana,Sheridan,36.69398849,-82.21400024,2018/10/18,2018
Virtual Species,Virtual species,2018/5/12,1,1,Canada,Alberta,Calgary,36.69398849,-82.21400024,2018/10/18,2018
Virtual Species,Virtual species,2018/5/12,1,1,United States,Montana,Phillips,36.46535531,-82.4040539,2018/10/19,2018
Virtual Species,Virtual species,2018/5/12,1,1,United States,Montana,Toole,36.46535531,-82.4040539,2018/10/19,2018
Virtual Species,Virtual species,2018/5/12,1,1,United States,Montana,Toole,36.24956211,-82.57988295,2018/10/20,2018
Virtual Species,Virtual species,2018/5/12,1,1,United States,Montana,Sheridan,36.24956211,-82.57988295,2018/10/20,2018
Virtual Species,Virtual species,2018/5/12,1,1,Canada,Saskatchewan,Moose Jaw,36.04677121,-82.74112859,2018/10/21,2018
Virtual Species,Virtual species,2018/5/12,1,1,Canada,Saskatchewan,Saskatoon,36.04677121,-82.74112859,2018/10/21,2018
Virtual Species,Virtual species,2018/5/12,1,1,Canada,Saskatchewan,Maple Creek,35.85707675,-82.88752409,2018/10/22,2018
Virtual Species,Virtual species,2018/5/12,1,1,United States,Montana,Phillips,35.85707675,-82.88752409,2018/10/22,2018
Virtual Species,Virtual species,2018/5/13,1,1,United States,Montana,Toole,35.68050446,-83.01889464,2018/10/23,2018
Virtual Species,Virtual species,2018/5/13,1,1,Canada,Saskatchewan,Assiniboia,35.68050446,-83.01889464,2018/10/23,2018
Virtual Species,Virtual species,2018/5/13,1,1,United States,Montana,Sheridan,35.51701181,-83.13515686,2018/10/24,2018
Virtual Species,Virtual species,2018/5/13,1,1,Canada,Alberta,Fort MacLeod,35.51701181,-83.13515686,2018/10/24,2018
Virtual Species,Virtual species,2018/5/12,1,1,Canada,Saskatchewan,Saskatoon,35.36648869,-83.23631784,2018/10/25,2018
Virtual Species,Virtual species,2018/5/13,1,1,Canada,Alberta,Lethbridge,35.36648869,-83.23631784,2018/10/25,2018
Virtual Species,Virtual species,2018/5/13,1,1,Canada,Alberta,Lethbridge,35.22875848,-83.32247363,2018/10/26,2018
Virtual Species,Virtual species,2018/5/13,1,1,Canada,Alberta,Lethbridge,35.22875848,-83.32247363,2018/10/26,2018
Virtual Species,Virtual species,2018/5/13,1,1,United States,Montana,Toole,35.1035796,-83.39380742,2018/10/27,2018
Virtual Species,Virtual species,2018/5/12,1,1,Canada,Alberta,Medicine Hat,35.1035796,-83.39380742,2018/10/27,2018
Virtual Species,Virtual species,2018/5/13,1,1,United States,Montana,Phillips,34.99064744,-83.4505872,2018/10/28,2018
Virtual Species,Virtual species,2018/5/13,1,1,United States,Montana,Phillips,34.99064744,-83.4505872,2018/10/28,2018
Virtual Species,Virtual species,2018/5/14,1,1,Canada,Alberta,Fort MacLeod,34.88959674,-83.49316303,2018/10/29,2018
Virtual Species,Virtual species,2018/4/10,1,1,United States,Kansas,Anderson,34.88959674,-83.49316303,2018/10/29,2018
Virtual Species,Virtual species,2018/5/14,1,1,United States,Montana,Phillips,34.80000427,-83.52196393,2018/10/30,2018
Virtual Species,Virtual species,2018/5/14,1,1,Canada,Alberta,Medicine Hat,34.80000427,-83.52196393,2018/10/30,2018
Virtual Species,Virtual species,2018/5/14,1,1,Canada,Alberta,Fort MacLeod,34.72139188,-83.53749435,2018/10/31,2018
Virtual Species,Virtual species,2018/5/15,1,1,Canada,Alberta,Medicine Hat,34.72139188,-83.53749435,2018/10/31,2018
Virtual Species,Virtual species,2018/5/14,1,1,United States,Montana,Phillips,34.6532299,-83.54033036,2018/11/1,2018
Virtual Species,Virtual species,2018/5/14,1,1,Canada,Saskatchewan,Maple Creek,34.6532299,-83.54033036,2018/11/1,2018
Virtual Species,Virtual species,2018/5/15,1,1,United States,North Dakota,Golden Valley,34.59494074,-83.5311154,2018/11/2,2018
Virtual Species,Virtual species,2018/5/15,1,1,United States,Montana,Phillips,34.59494074,-83.5311154,2018/11/2,2018
Virtual Species,Virtual species,2018/5/15,1,1,Canada,Alberta,Lethbridge,34.5459028,-83.51055581,2018/11/3,2018
Virtual Species,Virtual species,2018/5/16,1,1,Canada,Saskatchewan,Battleford,34.5459028,-83.51055581,2018/11/3,2018
Virtual Species,Virtual species,2018/5/16,1,1,United States,Montana,Phillips,34.50545457,-83.479416,2018/11/4,2018
Virtual Species,Virtual species,2018/5/16,1,1,United States,Montana,Phillips,34.50545457,-83.479416,2018/11/4,2018
Virtual Species,Virtual species,2018/5/16,1,1,United States,Montana,Phillips,34.47289891,-83.43851344,2018/11/5,2018
Virtual Species,Virtual species,2018/5/16,1,1,Canada,Saskatchewan,Melville,34.47289891,-83.43851344,2018/11/5,2018
Virtual Species,Virtual species,2018/5/16,1,1,United States,North Dakota,Bowman,34.44750745,-83.38871333,2018/11/6,2018
Virtual Species,Virtual species,2018/5/16,1,1,Canada,Saskatchewan,Moose Jaw,34.44750745,-83.38871333,2018/11/6,2018
Virtual Species,Virtual species,2018/5/16,1,1,United States,North Dakota,Bowman,34.42852512,-83.33092314,2018/11/7,2018
Virtual Species,Virtual species,2018/5/16,1,1,Canada,Saskatchewan,Weyburn,34.42852512,-83.33092314,2018/11/7,2018
Virtual Species,Virtual species,2018/5/15,1,1,Canada,Alberta,Lethbridge,34.41517471,-83.26608697,2018/11/8,2018
Virtual Species,Virtual species,2018/5/14,1,1,Canada,Alberta,Medicine Hat,34.41517471,-83.26608697,2018/11/8,2018
Virtual Species,Virtual species,2018/5/16,1,1,United States,Montana,Phillips,34.40666157,-83.19517971,2018/11/9,2018
Virtual Species,Virtual species,2018/5/14,1,1,United States,Montana,Phillips,34.40666157,-83.19517971,2018/11/9,2018
Virtual Species,Virtual species,2018/5/17,1,1,United States,Montana,Phillips,34.40217815,-83.11920118,2018/11/10,2018
Virtual Species,Virtual species,2018/5/17,1,1,Canada,Saskatchewan,Prince Albert,34.40217815,-83.11920118,2018/11/10,2018
Virtual Species,Virtual species,2018/5/17,1,1,Canada,Alberta,Medicine Hat,34.40090864,-83.0391701,2018/11/11,2018
Virtual Species,Virtual species,2018/5/12,1,1,United States,Montana,Phillips,34.40090864,-83.0391701,2018/11/11,2018
Virtual Species,Virtual species,2018/5/14,1,1,United States,Montana,Phillips,34.40203354,-82.95611816,2018/11/12,2018
Virtual Species,Virtual species,2018/5/13,1,1,United States,North Dakota,McLean,34.40203354,-82.95611816,2018/11/12,2018
Virtual Species,Virtual species,2018/5/18,1,1,Canada,Alberta,Lethbridge,34.40473404,-82.87108387,2018/11/13,2018
Virtual Species,Virtual species,2018/5/18,1,1,Canada,Alberta,Calgary,34.40473404,-82.87108387,2018/11/13,2018
Virtual Species,Virtual species,2018/5/18,1,1,Canada,Alberta,Medicine Hat,34.40819644,-82.78510666,2018/11/14,2018
Virtual Species,Virtual species,2018/5/18,1,1,United States,Montana,Phillips,34.40819644,-82.78510666,2018/11/14,2018
Virtual Species,Virtual species,2018/5/18,1,1,Canada,Alberta,Lethbridge,34.41161632,-82.69922088,2018/11/15,2018
Virtual Species,Virtual species,2018/5/19,1,1,Canada,Alberta,Lethbridge,34.41161632,-82.69922088,2018/11/15,2018
Virtual Species,Virtual species,2018/5/19,1,1,Canada,Alberta,Lethbridge,34.41420259,-82.61444993,2018/11/16,2018
Virtual Species,Virtual species,2018/5/18,1,1,Canada,Alberta,Lethbridge,34.41420259,-82.61444993,2018/11/16,2018
Virtual Species,Virtual species,2018/5/18,1,1,Canada,Alberta,Lethbridge,34.4151814,-82.53180056,2018/11/17,2018
Virtual Species,Virtual species,2018/5/19,1,1,Canada,Alberta,Lethbridge,34.4151814,-82.53180056,2018/11/17,2018
Virtual Species,Virtual species,2018/5/19,1,1,Canada,Alberta,Lethbridge,34.4137998,-82.45225723,2018/11/18,2018
Virtual Species,Virtual species,2018/5/17,1,1,Canada,Alberta,Medicine Hat,34.4137998,-82.45225723,2018/11/18,2018
Virtual Species,Virtual species,2018/5/19,1,1,Canada,Alberta,Lethbridge,34.40932926,-82.37677677,2018/11/19,2018
Virtual Species,Virtual species,2018/5/19,1,1,Canada,Saskatchewan,Estevan,34.40932926,-82.37677677,2018/11/19,2018
Virtual Species,Virtual species,2018/5/19,1,1,Canada,Alberta,Lethbridge,34.40106895,-82.30628312,2018/11/20,2018
Virtual Species,Virtual species,2018/5/19,1,1,Canada,Alberta,Lethbridge,34.40106895,-82.30628312,2018/11/20,2018
Virtual Species,Virtual species,2018/5/19,1,1,Canada,Alberta,Lethbridge,34.38834877,-82.24166242,2018/11/21,2018
Virtual Species,Virtual species,2018/5/19,1,1,Canada,Alberta,Lethbridge,34.38834877,-82.24166242,2018/11/21,2018
Virtual Species,Virtual species,2018/5/19,1,1,Canada,Alberta,Lethbridge,34.37053223,-82.18375832,2018/11/22,2018
Virtual Species,Virtual species,2018/5/19,1,1,Canada,Alberta,Lethbridge,34.37053223,-82.18375832,2018/11/22,2018
Virtual Species,Virtual species,2018/5/19,1,1,Canada,Alberta,Lethbridge,34.34701901,-82.13336757,2018/11/23,2018
Virtual Species,Virtual species,2018/5/19,1,1,Canada,Alberta,Lethbridge,34.34701901,-82.13336757,2018/11/23,2018
Virtual Species,Virtual species,2018/5/20,1,1,United States,Montana,Sheridan,34.31724735,-82.091236,2018/11/24,2018
Virtual Species,Virtual species,2018/5/20,1,1,Canada,Alberta,Drumheller,34.31724735,-82.091236,2018/11/24,2018
Virtual Species,Virtual species,2018/5/20,1,1,Canada,Alberta,Drumheller,34.28069616,-82.05805469,2018/11/25,2018
Virtual Species,Virtual species,2018/5/20,1,1,Canada,Alberta,Lethbridge,34.28069616,-82.05805469,2018/11/25,2018
Virtual Species,Virtual species,2018/5/20,1,1,Canada,Alberta,Drumheller,34.23688695,-82.03445672,2018/11/26,2018
Virtual Species,Virtual species,2018/5/20,1,1,Canada,Alberta,Drumheller,34.23688695,-82.03445672,2018/11/26,2018
Virtual Species,Virtual species,2018/5/19,1,1,Canada,Alberta,Lethbridge,34.18538545,-82.02101408,2018/11/27,2018
Virtual Species,Virtual species,2018/5/19,1,1,Canada,Alberta,Lethbridge,34.18538545,-82.02101408,2018/11/27,2018
Virtual Species,Virtual species,2018/5/20,1,1,United States,Montana,Wheatland,34.12580304,-82.01823516,2018/11/28,2018
Virtual Species,Virtual species,2018/5/21,1,1,Canada,Saskatchewan,Weyburn,34.12580304,-82.01823516,2018/11/28,2018
Virtual Species,Virtual species,2018/5/21,1,1,Canada,Manitoba,Virden Area,34.05779792,-82.02656251,2018/11/29,2018
Virtual Species,Virtual species,2018/5/21,1,1,Canada,Saskatchewan,Prince Albert,34.05779792,-82.02656251,2018/11/29,2018
Virtual Species,Virtual species,2018/5/18,1,1,Canada,Manitoba,Western Manitoba Westman,33.9810761,-82.04637112,2018/11/30,2018
Virtual Species,Virtual species,2018/5/21,1,1,United States,Montana,Toole,33.9810761,-82.04637112,2018/11/30,2018
Virtual Species,Virtual species,2018/5/21,1,1,Canada,Saskatchewan,Moose Jaw,33.89539202,-82.07796714,2018/11/30,2018
Virtual Species,Virtual species,2018/5/20,1,1,Canada,Alberta,Lethbridge,33.89539202,-82.07796714,2018/11/30,2018
Virtual Species,Virtual species,2018/5/21,1,1,United States,Montana,Phillips,33.80054911,-82.12158697,2018/12/1,2018
Virtual Species,Virtual species,2018/5/22,1,1,United States,North Dakota,Stark,33.80054911,-82.12158697,2018/12/1,2018
Virtual Species,Virtual species,2018/5/21,1,1,Canada,Alberta,Lethbridge,33.69639995,-82.17739686,2018/12/2,2018
Virtual Species,Virtual species,2018/5/21,1,1,Canada,Alberta,Lethbridge,33.69639995,-82.17739686,2018/12/2,2018
Virtual Species,Virtual species,2018/5/22,1,1,United States,Montana,Sheridan,33.58284632,-82.24549301,2018/12/3,2018
Virtual Species,Virtual species,2018/5/22,1,1,United States,Montana,Sheridan,33.58284632,-82.24549301,2018/12/3,2018
Virtual Species,Virtual species,2018/5/22,1,1,United States,Montana,Wibaux,33.45983888,-82.32590203,2018/12/4,2018
Virtual Species,Virtual species,2018/5/22,1,1,United States,Montana,Musselshell,33.45983888,-82.32590203,2018/12/4,2018
Virtual Species,Virtual species,2018/5/22,1,1,United States,Montana,Musselshell,33.32737673,-82.41858197,2018/12/5,2018
Virtual Species,Virtual species,2018/1/9,1,1,United States,Texas,Williamson,33.32737673,-82.41858197,2018/12/5,2018
Virtual Species,Virtual species,2018/5/23,1,1,United States,Montana,Sheridan,33.1855066,-82.52342372,2018/12/6,2018
Virtual Species,Virtual species,2018/5/23,1,1,United States,Montana,Lewis and Clark,33.1855066,-82.52342372,2018/12/6,2018
Virtual Species,Virtual species,2018/5/23,1,1,Canada,Alberta,Medicine Hat,33.03432189,-82.64025295,2018/12/7,2018
Virtual Species,Virtual species,2018/5/23,1,1,Canada,Alberta,Drumheller,33.03432189,-82.64025295,2018/12/7,2018
Virtual Species,Virtual species,2018/5/22,1,1,United States,Montana,Phillips,32.87396133,-82.76883244,2018/12/8,2018
Virtual Species,Virtual species,2018/5/23,1,1,Canada,Alberta,Medicine Hat,32.87396133,-82.76883244,2018/12/8,2018
Virtual Species,Virtual species,2018/5/19,1,1,Canada,Alberta,Camrose-Lloydminister,32.7046075,-82.90886489,2018/12/9,2018
Virtual Species,Virtual species,2018/5/23,1,1,United States,Montana,Valley,32.7046075,-82.90886489,2018/12/9,2018
Virtual Species,Virtual species,2018/5/24,1,1,United States,North Dakota,McKenzie,32.52648495,-83.05999618,2018/12/10,2018
Virtual Species,Virtual species,2018/5/24,1,1,United States,Montana,Phillips,32.52648495,-83.05999618,2018/12/10,2018
Virtual Species,Virtual species,2018/5/24,1,1,United States,North Dakota,Burke,32.33985812,-83.22181902,2018/12/11,2018
Virtual Species,Virtual species,2018/5/24,1,1,United States,Montana,Phillips,32.33985812,-83.22181902,2018/12/11,2018
Virtual Species,Virtual species,2018/5/21,1,1,Canada,Alberta,Lethbridge,31.76208105,-83.39387701,2018/12/12,2018
Virtual Species,Virtual species,2018/5/24,1,1,United States,Montana,Phillips,31.99204324,-83.39387701,2018/12/12,2018
Virtual Species,Virtual species,2018/5/24,1,1,United States,Montana,Phillips,31.48158103,-83.57566916,2018/12/13,2018
Virtual Species,Virtual species,2018/5/24,1,1,United States,Montana,Sheridan,31.71224649,-83.57566916,2018/12/13,2018
Virtual Species,Virtual species,2018/5/24,1,1,United States,Montana,Toole,31.34746245,-83.76665473,2018/12/14,2018
Virtual Species,Virtual species,2018/5/24,1,1,Canada,Saskatchewan,Moose Jaw,31.4245263,-83.76665473,2018/12/14,2018
Virtual Species,Virtual species,2018/5/24,1,1,United States,North Dakota,Billings,30.97458814,-83.96625848,2018/12/15,2018
Virtual Species,Virtual species,2018/5/24,1,1,Canada,Saskatchewan,Weyburn,30.81965598,-83.96625848,2018/12/15,2018
Virtual Species,Virtual species,2018/5/23,1,1,Canada,Alberta,Medicine Hat,30.57070764,-84.17387622,2018/12/16,2018
Virtual Species,Virtual species,2018/5/19,1,1,Canada,Alberta,Lethbridge,30.36060339,-84.17387622,2018/12/16,2018
Virtual Species,Virtual species,2018/5/24,1,1,Canada,Saskatchewan,Weyburn,30.10700665,-84.38888077,2018/12/17,2018
Virtual Species,Virtual species,2018/5/24,1,1,United States,Montana,Phillips,29.89359775,-84.38888077,2018/12/17,2018
Virtual Species,Virtual species,2018/5/24,1,1,United States,Montana,Valley,29.8115517,-84.61062814,2018/12/18,2018
Virtual Species,Virtual species,2018/5/24,1,1,United States,Montana,Wheatland,29.41908303,-84.61062814,2018/12/18,2018
Virtual Species,Virtual species,2018/5/25,1,1,United States,Montana,Sweet Grass,29.33186703,-84.83846407,2018/12/19,2018
Virtual Species,Virtual species,2018/5/25,1,1,Canada,Saskatchewan,Moose Jaw,29.33186703,-84.83846407,2018/12/19,2018
Virtual Species,Virtual species,2018/5/25,1,1,United States,Montana,Sheridan,29.33186703,-84.84744722,2018/12/20,2018
Virtual Species,Virtual species,2018/5/25,1,1,United States,Montana,Sheridan,29.33186703,-84.84744722,2018/12/20,2018
Virtual Species,Virtual species,2018/5/25,1,1,United States,Montana,Sheridan,29.33186703,-84.85643037,2018/12/21,2018
Virtual Species,Virtual species,2018/5/21,1,1,United States,Montana,Phillips,29.33186703,-84.85643037,2018/12/21,2018
Virtual Species,Virtual species,2018/5/25,1,1,Canada,Alberta,Lethbridge,29.33186703,-84.86541353,2018/12/22,2018
Virtual Species,Virtual species,2018/5/25,1,1,Canada,Alberta,Medicine Hat,29.33186703,-84.86541353,2018/12/22,2018
Virtual Species,Virtual species,2018/5/26,1,1,United States,North Dakota,Williams,29.33186703,-84.87439668,2018/12/23,2018
Virtual Species,Virtual species,2018/5/25,1,1,United States,Montana,Sheridan,29.33186703,-84.87439668,2018/12/23,2018
Virtual Species,Virtual species,2018/5/25,1,1,United States,Montana,Sheridan,29.33186703,-84.88337983,2018/12/24,2018
Virtual Species,Virtual species,2018/5/26,1,1,United States,North Dakota,Mountrail,29.33186703,-84.88337983,2018/12/24,2018
Virtual Species,Virtual species,2018/5/26,1,1,Canada,Saskatchewan,Saskatoon,29.0826127,-85.0717308,2018/12/25,2018
Virtual Species,Virtual species,2018/5/26,1,1,Canada,Saskatchewan,Swift Current,29.0826127,-85.0717308,2018/12/25,2018
Virtual Species,Virtual species,2018/5/26,1,1,United States,Montana,Sweet Grass,29.0826127,-85.0717308,2018/12/26,2018
Virtual Species,Virtual species,2018/5/26,1,1,United States,Montana,Valley,29.0826127,-85.0717308,2018/12/26,2018
Virtual Species,Virtual species,2018/5/26,1,1,United States,Montana,Valley,29.0826127,-85.0717308,2018/12/27,2018
Virtual Species,Virtual species,2018/5/26,1,1,United States,Montana,Valley,29.0826127,-85.0717308,2018/12/27,2018
Virtual Species,Virtual species,2018/5/26,1,1,United States,Montana,Valley,29.0826127,-85.0717308,2018/12/28,2018
Virtual Species,Virtual species,2018/5/26,1,1,United States,Montana,Sweet Grass,29.0826127,-85.0717308,2018/12/28,2018
Virtual Species,Virtual species,2018/5/26,1,1,United States,Montana,Sweet Grass,29.0826127,-85.0717308,2018/12/29,2018
Virtual Species,Virtual species,2018/5/26,1,1,Canada,Saskatchewan,Battleford,29.0826127,-85.0717308,2018/12/29,2018
Virtual Species,Virtual species,2018/5/26,1,1,Canada,Saskatchewan,Moose Jaw,29.0826127,-85.0717308,2018/12/30,2018
Virtual Species,Virtual species,2018/5/26,1,1,Canada,Saskatchewan,Moose Jaw,29.0826127,-85.0717308,2018/12/30,2018
Virtual Species,Virtual species,2018/5/26,1,1,Canada,Saskatchewan,Moose Jaw,29.0826127,-85.0717308,2018/12/31,2018
Virtual Species,Virtual species,2018/5/26,1,1,Canada,Saskatchewan,Maple Creek,29.0826127,-85.0717308,2018/12/31,2018
